childs_age,subject_id,category,often_drawn_rating
4,R_1FbP3tFJCrAQEDD,a bear,5
4,R_29bnfATbJLAoC55,a bear,1
7,R_Cmog5boCguFbWtb,a bear,2
4,R_2Xp2RDmxR1aa2DY,a bear,4
3,R_1OxIRypHy2GHyfy,a bear,1
4,R_3EHd2XwtQFFhHgd,a bear,1
9,R_1n0JwmUrJ2Nnxlb,a bear,3
3,R_2CepCHVDEKZy4Dw,a bear,1
7,R_9pJszzAogLdUhVL,a bear,3
3,R_2ARnVeYevtVN5ZN,a bear,1
3,R_2Y3UAbs88BX2lbJ,a bear,1
7,R_1LimYCRh7COJoxO,a bear,2
3,R_1EYbCYd95yxc6cA,a bear,3
8,R_27q8HA5iTj8MJ8L,a bear,3
3,R_1jVAe2AL4LCWqJg,a bear,3
6,R_eM2x5BdhWPqKGB3,a bear,1
3,R_3j9HJbkBrEQYPJY,a bear,1
9,R_29p76St8e8HAXqk,a bear,3
6,R_01zhARIbhgNAUZr,a bear,1
3,R_1LUNYpVRS1X6VE5,a bear,1
4,R_3si8pgkUnJyGBW6,a bear,3
6,R_1kOoSGsZYQ2Y6fE,a bear,1
9,R_2TQTz8Yxu8zNlSi,a bear,1
6,R_1GWxBMbZunxtYL4,a bear,2
5,R_xtGPyL98hHU0JKV,a bear,1
5,R_9yLZ3SAHkFVFwhH,a bear,2
5,R_PBvXw2hc7xtn3zP,a bear,1
2,R_3HqqGVlrhrZ6rt3,a bear,1
6,R_TiLhKAC5h15j3cB,a bear,2
4,R_1JFlndlE0dEtWUS,a bear,2
10,R_5szVFoyNO6O1wiZ,a bear,1
6,R_3ELmuTGe6sfdQUh,a bear,1
8,R_1kOg8DdxQL7bxcn,a bear,2
6,R_2fs4bByv38E4UJv,a bear,2
7,R_uyxIoOJAwOPGVgd,a bear,3
9,R_2bZyNXHwQ6UkDO8,a bear,3
6,R_1Lv2WZLUlVIfNuK,a bear,1
5,R_2c6MQdA38IH0nVM,a bear,3
3,R_3et8yFlpDIjgJ2M,a bear,1
4,R_yWmBiU5Ruql1N6N,a bear,2
4,R_22XQpedTwJiOEk1,a bear,1
8,R_tG4R7fTti1iEERX,a bear,2
4,R_2ZKSuUPKm4kLzjA,a bear,1
7,R_2CpMgusmidE8tCx,a bear,4
6,R_33r9gLd6qAc4mx3,a bear,1
6,R_1OJD31Pkio2KnDk,a bear,1
5,R_0DHlRrTBJyUPVxD,a bear,3
6,R_pQMnmdW9IxpfNxT,a bear,2
7,R_2TS1O7AXpM8Fc3M,a bear,1
6,R_3fWcTCLJWBkuEYW,a bear,1
9,R_1ClJWdimptEk3mh,a bear,4
4,R_1FbP3tFJCrAQEDD,a sheep,5
4,R_29bnfATbJLAoC55,a sheep,2
7,R_Cmog5boCguFbWtb,a sheep,2
4,R_2Xp2RDmxR1aa2DY,a sheep,2
3,R_1OxIRypHy2GHyfy,a sheep,1
4,R_3EHd2XwtQFFhHgd,a sheep,1
9,R_1n0JwmUrJ2Nnxlb,a sheep,1
3,R_2CepCHVDEKZy4Dw,a sheep,1
7,R_9pJszzAogLdUhVL,a sheep,3
3,R_2ARnVeYevtVN5ZN,a sheep,1
3,R_2Y3UAbs88BX2lbJ,a sheep,1
7,R_1LimYCRh7COJoxO,a sheep,2
3,R_1EYbCYd95yxc6cA,a sheep,1
8,R_27q8HA5iTj8MJ8L,a sheep,1
3,R_1jVAe2AL4LCWqJg,a sheep,3
6,R_eM2x5BdhWPqKGB3,a sheep,1
3,R_3j9HJbkBrEQYPJY,a sheep,1
9,R_29p76St8e8HAXqk,a sheep,3
6,R_01zhARIbhgNAUZr,a sheep,1
3,R_1LUNYpVRS1X6VE5,a sheep,1
4,R_3si8pgkUnJyGBW6,a sheep,3
6,R_1kOoSGsZYQ2Y6fE,a sheep,1
9,R_2TQTz8Yxu8zNlSi,a sheep,1
6,R_1GWxBMbZunxtYL4,a sheep,3
5,R_xtGPyL98hHU0JKV,a sheep,1
5,R_9yLZ3SAHkFVFwhH,a sheep,2
5,R_PBvXw2hc7xtn3zP,a sheep,1
2,R_3HqqGVlrhrZ6rt3,a sheep,1
6,R_TiLhKAC5h15j3cB,a sheep,1
4,R_1JFlndlE0dEtWUS,a sheep,1
10,R_5szVFoyNO6O1wiZ,a sheep,1
6,R_3ELmuTGe6sfdQUh,a sheep,3
8,R_1kOg8DdxQL7bxcn,a sheep,1
6,R_2fs4bByv38E4UJv,a sheep,2
7,R_uyxIoOJAwOPGVgd,a sheep,3
9,R_2bZyNXHwQ6UkDO8,a sheep,2
6,R_1Lv2WZLUlVIfNuK,a sheep,2
5,R_2c6MQdA38IH0nVM,a sheep,3
3,R_3et8yFlpDIjgJ2M,a sheep,2
4,R_yWmBiU5Ruql1N6N,a sheep,2
4,R_22XQpedTwJiOEk1,a sheep,2
8,R_tG4R7fTti1iEERX,a sheep,2
4,R_2ZKSuUPKm4kLzjA,a sheep,1
7,R_2CpMgusmidE8tCx,a sheep,1
6,R_33r9gLd6qAc4mx3,a sheep,1
6,R_1OJD31Pkio2KnDk,a sheep,1
5,R_0DHlRrTBJyUPVxD,a sheep,2
6,R_pQMnmdW9IxpfNxT,a sheep,2
7,R_2TS1O7AXpM8Fc3M,a sheep,2
6,R_3fWcTCLJWBkuEYW,a sheep,1
9,R_1ClJWdimptEk3mh,a sheep,4
4,R_1FbP3tFJCrAQEDD,a camel,5
4,R_29bnfATbJLAoC55,a camel,1
7,R_Cmog5boCguFbWtb,a camel,1
4,R_2Xp2RDmxR1aa2DY,a camel,1
3,R_1OxIRypHy2GHyfy,a camel,1
4,R_3EHd2XwtQFFhHgd,a camel,1
9,R_1n0JwmUrJ2Nnxlb,a camel,1
3,R_2CepCHVDEKZy4Dw,a camel,1
7,R_9pJszzAogLdUhVL,a camel,2
3,R_2ARnVeYevtVN5ZN,a camel,1
3,R_2Y3UAbs88BX2lbJ,a camel,1
7,R_1LimYCRh7COJoxO,a camel,2
3,R_1EYbCYd95yxc6cA,a camel,1
8,R_27q8HA5iTj8MJ8L,a camel,1
3,R_1jVAe2AL4LCWqJg,a camel,1
6,R_eM2x5BdhWPqKGB3,a camel,1
3,R_3j9HJbkBrEQYPJY,a camel,1
9,R_29p76St8e8HAXqk,a camel,2
6,R_01zhARIbhgNAUZr,a camel,1
3,R_1LUNYpVRS1X6VE5,a camel,1
4,R_3si8pgkUnJyGBW6,a camel,3
6,R_1kOoSGsZYQ2Y6fE,a camel,1
9,R_2TQTz8Yxu8zNlSi,a camel,1
6,R_1GWxBMbZunxtYL4,a camel,1
5,R_xtGPyL98hHU0JKV,a camel,1
5,R_9yLZ3SAHkFVFwhH,a camel,1
5,R_PBvXw2hc7xtn3zP,a camel,1
2,R_3HqqGVlrhrZ6rt3,a camel,1
6,R_TiLhKAC5h15j3cB,a camel,1
4,R_1JFlndlE0dEtWUS,a camel,1
10,R_5szVFoyNO6O1wiZ,a camel,1
6,R_3ELmuTGe6sfdQUh,a camel,1
8,R_1kOg8DdxQL7bxcn,a camel,1
6,R_2fs4bByv38E4UJv,a camel,1
7,R_uyxIoOJAwOPGVgd,a camel,2
9,R_2bZyNXHwQ6UkDO8,a camel,1
6,R_1Lv2WZLUlVIfNuK,a camel,1
5,R_2c6MQdA38IH0nVM,a camel,1
3,R_3et8yFlpDIjgJ2M,a camel,1
4,R_yWmBiU5Ruql1N6N,a camel,1
4,R_22XQpedTwJiOEk1,a camel,1
8,R_tG4R7fTti1iEERX,a camel,1
4,R_2ZKSuUPKm4kLzjA,a camel,1
7,R_2CpMgusmidE8tCx,a camel,1
6,R_33r9gLd6qAc4mx3,a camel,1
6,R_1OJD31Pkio2KnDk,a camel,1
5,R_0DHlRrTBJyUPVxD,a camel,1
6,R_pQMnmdW9IxpfNxT,a camel,1
7,R_2TS1O7AXpM8Fc3M,a camel,1
6,R_3fWcTCLJWBkuEYW,a camel,1
9,R_1ClJWdimptEk3mh,a camel,2
4,R_1FbP3tFJCrAQEDD,a tiger,5
4,R_29bnfATbJLAoC55,a tiger,1
7,R_Cmog5boCguFbWtb,a tiger,3
4,R_2Xp2RDmxR1aa2DY,a tiger,3
3,R_1OxIRypHy2GHyfy,a tiger,1
4,R_3EHd2XwtQFFhHgd,a tiger,1
9,R_1n0JwmUrJ2Nnxlb,a tiger,1
3,R_2CepCHVDEKZy4Dw,a tiger,1
7,R_9pJszzAogLdUhVL,a tiger,2
3,R_2ARnVeYevtVN5ZN,a tiger,1
3,R_2Y3UAbs88BX2lbJ,a tiger,1
7,R_1LimYCRh7COJoxO,a tiger,2
3,R_1EYbCYd95yxc6cA,a tiger,1
8,R_27q8HA5iTj8MJ8L,a tiger,1
3,R_1jVAe2AL4LCWqJg,a tiger,3
6,R_eM2x5BdhWPqKGB3,a tiger,1
3,R_3j9HJbkBrEQYPJY,a tiger,1
9,R_29p76St8e8HAXqk,a tiger,2
6,R_01zhARIbhgNAUZr,a tiger,2
3,R_1LUNYpVRS1X6VE5,a tiger,1
4,R_3si8pgkUnJyGBW6,a tiger,2
6,R_1kOoSGsZYQ2Y6fE,a tiger,1
9,R_2TQTz8Yxu8zNlSi,a tiger,4
6,R_1GWxBMbZunxtYL4,a tiger,2
5,R_xtGPyL98hHU0JKV,a tiger,1
5,R_9yLZ3SAHkFVFwhH,a tiger,2
5,R_PBvXw2hc7xtn3zP,a tiger,1
2,R_3HqqGVlrhrZ6rt3,a tiger,1
6,R_TiLhKAC5h15j3cB,a tiger,1
4,R_1JFlndlE0dEtWUS,a tiger,1
10,R_5szVFoyNO6O1wiZ,a tiger,2
6,R_3ELmuTGe6sfdQUh,a tiger,3
8,R_1kOg8DdxQL7bxcn,a tiger,2
6,R_2fs4bByv38E4UJv,a tiger,2
7,R_uyxIoOJAwOPGVgd,a tiger,3
9,R_2bZyNXHwQ6UkDO8,a tiger,2
6,R_1Lv2WZLUlVIfNuK,a tiger,1
5,R_2c6MQdA38IH0nVM,a tiger,1
3,R_3et8yFlpDIjgJ2M,a tiger,1
4,R_yWmBiU5Ruql1N6N,a tiger,1
4,R_22XQpedTwJiOEk1,a tiger,1
8,R_tG4R7fTti1iEERX,a tiger,2
4,R_2ZKSuUPKm4kLzjA,a tiger,1
7,R_2CpMgusmidE8tCx,a tiger,4
6,R_33r9gLd6qAc4mx3,a tiger,2
6,R_1OJD31Pkio2KnDk,a tiger,1
5,R_0DHlRrTBJyUPVxD,a tiger,2
6,R_pQMnmdW9IxpfNxT,a tiger,3
7,R_2TS1O7AXpM8Fc3M,a tiger,2
6,R_3fWcTCLJWBkuEYW,a tiger,1
9,R_1ClJWdimptEk3mh,a tiger,4
4,R_1FbP3tFJCrAQEDD,a whale,5
4,R_29bnfATbJLAoC55,a whale,2
7,R_Cmog5boCguFbWtb,a whale,3
4,R_2Xp2RDmxR1aa2DY,a whale,1
3,R_1OxIRypHy2GHyfy,a whale,1
4,R_3EHd2XwtQFFhHgd,a whale,1
9,R_1n0JwmUrJ2Nnxlb,a whale,1
3,R_2CepCHVDEKZy4Dw,a whale,1
7,R_9pJszzAogLdUhVL,a whale,3
3,R_2ARnVeYevtVN5ZN,a whale,1
3,R_2Y3UAbs88BX2lbJ,a whale,1
7,R_1LimYCRh7COJoxO,a whale,2
3,R_1EYbCYd95yxc6cA,a whale,3
8,R_27q8HA5iTj8MJ8L,a whale,2
3,R_1jVAe2AL4LCWqJg,a whale,1
6,R_eM2x5BdhWPqKGB3,a whale,1
3,R_3j9HJbkBrEQYPJY,a whale,1
9,R_29p76St8e8HAXqk,a whale,2
6,R_01zhARIbhgNAUZr,a whale,1
3,R_1LUNYpVRS1X6VE5,a whale,1
4,R_3si8pgkUnJyGBW6,a whale,2
6,R_1kOoSGsZYQ2Y6fE,a whale,1
9,R_2TQTz8Yxu8zNlSi,a whale,3
6,R_1GWxBMbZunxtYL4,a whale,2
5,R_xtGPyL98hHU0JKV,a whale,1
5,R_9yLZ3SAHkFVFwhH,a whale,4
5,R_PBvXw2hc7xtn3zP,a whale,1
2,R_3HqqGVlrhrZ6rt3,a whale,1
6,R_TiLhKAC5h15j3cB,a whale,1
4,R_1JFlndlE0dEtWUS,a whale,2
10,R_5szVFoyNO6O1wiZ,a whale,1
6,R_3ELmuTGe6sfdQUh,a whale,1
8,R_1kOg8DdxQL7bxcn,a whale,3
6,R_2fs4bByv38E4UJv,a whale,2
7,R_uyxIoOJAwOPGVgd,a whale,2
9,R_2bZyNXHwQ6UkDO8,a whale,2
6,R_1Lv2WZLUlVIfNuK,a whale,1
5,R_2c6MQdA38IH0nVM,a whale,1
3,R_3et8yFlpDIjgJ2M,a whale,1
4,R_yWmBiU5Ruql1N6N,a whale,1
4,R_22XQpedTwJiOEk1,a whale,1
8,R_tG4R7fTti1iEERX,a whale,1
4,R_2ZKSuUPKm4kLzjA,a whale,1
7,R_2CpMgusmidE8tCx,a whale,2
6,R_33r9gLd6qAc4mx3,a whale,1
6,R_1OJD31Pkio2KnDk,a whale,1
5,R_0DHlRrTBJyUPVxD,a whale,1
6,R_pQMnmdW9IxpfNxT,a whale,1
7,R_2TS1O7AXpM8Fc3M,a whale,2
6,R_3fWcTCLJWBkuEYW,a whale,1
9,R_1ClJWdimptEk3mh,a whale,4
4,R_1FbP3tFJCrAQEDD,a cow,5
4,R_29bnfATbJLAoC55,a cow,2
7,R_Cmog5boCguFbWtb,a cow,4
4,R_2Xp2RDmxR1aa2DY,a cow,3
3,R_1OxIRypHy2GHyfy,a cow,1
4,R_3EHd2XwtQFFhHgd,a cow,1
9,R_1n0JwmUrJ2Nnxlb,a cow,2
3,R_2CepCHVDEKZy4Dw,a cow,1
7,R_9pJszzAogLdUhVL,a cow,3
3,R_2ARnVeYevtVN5ZN,a cow,1
3,R_2Y3UAbs88BX2lbJ,a cow,1
7,R_1LimYCRh7COJoxO,a cow,1
3,R_1EYbCYd95yxc6cA,a cow,1
8,R_27q8HA5iTj8MJ8L,a cow,2
3,R_1jVAe2AL4LCWqJg,a cow,2
6,R_eM2x5BdhWPqKGB3,a cow,1
3,R_3j9HJbkBrEQYPJY,a cow,1
9,R_29p76St8e8HAXqk,a cow,3
6,R_01zhARIbhgNAUZr,a cow,1
3,R_1LUNYpVRS1X6VE5,a cow,2
4,R_3si8pgkUnJyGBW6,a cow,3
6,R_1kOoSGsZYQ2Y6fE,a cow,1
9,R_2TQTz8Yxu8zNlSi,a cow,2
6,R_1GWxBMbZunxtYL4,a cow,2
5,R_xtGPyL98hHU0JKV,a cow,1
5,R_9yLZ3SAHkFVFwhH,a cow,2
5,R_PBvXw2hc7xtn3zP,a cow,1
2,R_3HqqGVlrhrZ6rt3,a cow,1
6,R_TiLhKAC5h15j3cB,a cow,1
4,R_1JFlndlE0dEtWUS,a cow,2
10,R_5szVFoyNO6O1wiZ,a cow,3
6,R_3ELmuTGe6sfdQUh,a cow,3
8,R_1kOg8DdxQL7bxcn,a cow,2
6,R_2fs4bByv38E4UJv,a cow,1
7,R_uyxIoOJAwOPGVgd,a cow,3
9,R_2bZyNXHwQ6UkDO8,a cow,2
6,R_1Lv2WZLUlVIfNuK,a cow,1
5,R_2c6MQdA38IH0nVM,a cow,1
3,R_3et8yFlpDIjgJ2M,a cow,2
4,R_yWmBiU5Ruql1N6N,a cow,1
4,R_22XQpedTwJiOEk1,a cow,1
8,R_tG4R7fTti1iEERX,a cow,2
4,R_2ZKSuUPKm4kLzjA,a cow,1
7,R_2CpMgusmidE8tCx,a cow,3
6,R_33r9gLd6qAc4mx3,a cow,2
6,R_1OJD31Pkio2KnDk,a cow,1
5,R_0DHlRrTBJyUPVxD,a cow,2
6,R_pQMnmdW9IxpfNxT,a cow,2
7,R_2TS1O7AXpM8Fc3M,a cow,2
6,R_3fWcTCLJWBkuEYW,a cow,3
9,R_1ClJWdimptEk3mh,a cow,5
4,R_1FbP3tFJCrAQEDD,an elephant,5
4,R_29bnfATbJLAoC55,an elephant,2
7,R_Cmog5boCguFbWtb,an elephant,3
4,R_2Xp2RDmxR1aa2DY,an elephant,1
3,R_1OxIRypHy2GHyfy,an elephant,1
4,R_3EHd2XwtQFFhHgd,an elephant,1
9,R_1n0JwmUrJ2Nnxlb,an elephant,2
3,R_2CepCHVDEKZy4Dw,an elephant,1
7,R_9pJszzAogLdUhVL,an elephant,4
3,R_2ARnVeYevtVN5ZN,an elephant,1
3,R_2Y3UAbs88BX2lbJ,an elephant,1
7,R_1LimYCRh7COJoxO,an elephant,2
3,R_1EYbCYd95yxc6cA,an elephant,1
8,R_27q8HA5iTj8MJ8L,an elephant,2
3,R_1jVAe2AL4LCWqJg,an elephant,2
6,R_eM2x5BdhWPqKGB3,an elephant,2
3,R_3j9HJbkBrEQYPJY,an elephant,1
9,R_29p76St8e8HAXqk,an elephant,2
6,R_01zhARIbhgNAUZr,an elephant,1
3,R_1LUNYpVRS1X6VE5,an elephant,3
4,R_3si8pgkUnJyGBW6,an elephant,3
6,R_1kOoSGsZYQ2Y6fE,an elephant,1
9,R_2TQTz8Yxu8zNlSi,an elephant,4
6,R_1GWxBMbZunxtYL4,an elephant,2
5,R_xtGPyL98hHU0JKV,an elephant,1
5,R_9yLZ3SAHkFVFwhH,an elephant,3
5,R_PBvXw2hc7xtn3zP,an elephant,2
2,R_3HqqGVlrhrZ6rt3,an elephant,1
6,R_TiLhKAC5h15j3cB,an elephant,1
4,R_1JFlndlE0dEtWUS,an elephant,2
10,R_5szVFoyNO6O1wiZ,an elephant,3
6,R_3ELmuTGe6sfdQUh,an elephant,2
8,R_1kOg8DdxQL7bxcn,an elephant,3
6,R_2fs4bByv38E4UJv,an elephant,2
7,R_uyxIoOJAwOPGVgd,an elephant,3
9,R_2bZyNXHwQ6UkDO8,an elephant,2
6,R_1Lv2WZLUlVIfNuK,an elephant,2
5,R_2c6MQdA38IH0nVM,an elephant,3
3,R_3et8yFlpDIjgJ2M,an elephant,1
4,R_yWmBiU5Ruql1N6N,an elephant,2
4,R_22XQpedTwJiOEk1,an elephant,2
8,R_tG4R7fTti1iEERX,an elephant,2
4,R_2ZKSuUPKm4kLzjA,an elephant,1
7,R_2CpMgusmidE8tCx,an elephant,4
6,R_33r9gLd6qAc4mx3,an elephant,1
6,R_1OJD31Pkio2KnDk,an elephant,1
5,R_0DHlRrTBJyUPVxD,an elephant,2
6,R_pQMnmdW9IxpfNxT,an elephant,2
7,R_2TS1O7AXpM8Fc3M,an elephant,1
6,R_3fWcTCLJWBkuEYW,an elephant,1
9,R_1ClJWdimptEk3mh,an elephant,5
4,R_1FbP3tFJCrAQEDD,an octopus,5
4,R_29bnfATbJLAoC55,an octopus,4
7,R_Cmog5boCguFbWtb,an octopus,4
4,R_2Xp2RDmxR1aa2DY,an octopus,1
3,R_1OxIRypHy2GHyfy,an octopus,1
4,R_3EHd2XwtQFFhHgd,an octopus,1
9,R_1n0JwmUrJ2Nnxlb,an octopus,2
3,R_2CepCHVDEKZy4Dw,an octopus,1
7,R_9pJszzAogLdUhVL,an octopus,4
3,R_2ARnVeYevtVN5ZN,an octopus,1
3,R_2Y3UAbs88BX2lbJ,an octopus,1
7,R_1LimYCRh7COJoxO,an octopus,3
3,R_1EYbCYd95yxc6cA,an octopus,3
8,R_27q8HA5iTj8MJ8L,an octopus,2
3,R_1jVAe2AL4LCWqJg,an octopus,2
6,R_eM2x5BdhWPqKGB3,an octopus,1
3,R_3j9HJbkBrEQYPJY,an octopus,1
9,R_29p76St8e8HAXqk,an octopus,2
6,R_01zhARIbhgNAUZr,an octopus,1
3,R_1LUNYpVRS1X6VE5,an octopus,1
4,R_3si8pgkUnJyGBW6,an octopus,3
6,R_1kOoSGsZYQ2Y6fE,an octopus,1
9,R_2TQTz8Yxu8zNlSi,an octopus,2
6,R_1GWxBMbZunxtYL4,an octopus,2
5,R_xtGPyL98hHU0JKV,an octopus,2
5,R_9yLZ3SAHkFVFwhH,an octopus,3
5,R_PBvXw2hc7xtn3zP,an octopus,1
2,R_3HqqGVlrhrZ6rt3,an octopus,1
6,R_TiLhKAC5h15j3cB,an octopus,2
4,R_1JFlndlE0dEtWUS,an octopus,1
10,R_5szVFoyNO6O1wiZ,an octopus,1
6,R_3ELmuTGe6sfdQUh,an octopus,1
8,R_1kOg8DdxQL7bxcn,an octopus,3
6,R_2fs4bByv38E4UJv,an octopus,1
7,R_uyxIoOJAwOPGVgd,an octopus,3
9,R_2bZyNXHwQ6UkDO8,an octopus,2
6,R_1Lv2WZLUlVIfNuK,an octopus,2
5,R_2c6MQdA38IH0nVM,an octopus,2
3,R_3et8yFlpDIjgJ2M,an octopus,1
4,R_yWmBiU5Ruql1N6N,an octopus,1
4,R_22XQpedTwJiOEk1,an octopus,1
8,R_tG4R7fTti1iEERX,an octopus,1
4,R_2ZKSuUPKm4kLzjA,an octopus,2
7,R_2CpMgusmidE8tCx,an octopus,1
6,R_33r9gLd6qAc4mx3,an octopus,1
6,R_1OJD31Pkio2KnDk,an octopus,1
5,R_0DHlRrTBJyUPVxD,an octopus,2
6,R_pQMnmdW9IxpfNxT,an octopus,2
7,R_2TS1O7AXpM8Fc3M,an octopus,2
6,R_3fWcTCLJWBkuEYW,an octopus,1
9,R_1ClJWdimptEk3mh,an octopus,1
4,R_1FbP3tFJCrAQEDD,a frog,5
4,R_29bnfATbJLAoC55,a frog,3
7,R_Cmog5boCguFbWtb,a frog,2
4,R_2Xp2RDmxR1aa2DY,a frog,1
3,R_1OxIRypHy2GHyfy,a frog,1
4,R_3EHd2XwtQFFhHgd,a frog,1
9,R_1n0JwmUrJ2Nnxlb,a frog,1
3,R_2CepCHVDEKZy4Dw,a frog,1
7,R_9pJszzAogLdUhVL,a frog,3
3,R_2ARnVeYevtVN5ZN,a frog,1
3,R_2Y3UAbs88BX2lbJ,a frog,1
7,R_1LimYCRh7COJoxO,a frog,2
3,R_1EYbCYd95yxc6cA,a frog,1
8,R_27q8HA5iTj8MJ8L,a frog,1
3,R_1jVAe2AL4LCWqJg,a frog,3
6,R_eM2x5BdhWPqKGB3,a frog,2
3,R_3j9HJbkBrEQYPJY,a frog,1
9,R_29p76St8e8HAXqk,a frog,1
6,R_01zhARIbhgNAUZr,a frog,1
3,R_1LUNYpVRS1X6VE5,a frog,1
4,R_3si8pgkUnJyGBW6,a frog,4
6,R_1kOoSGsZYQ2Y6fE,a frog,1
9,R_2TQTz8Yxu8zNlSi,a frog,2
6,R_1GWxBMbZunxtYL4,a frog,2
5,R_xtGPyL98hHU0JKV,a frog,1
5,R_9yLZ3SAHkFVFwhH,a frog,2
5,R_PBvXw2hc7xtn3zP,a frog,1
2,R_3HqqGVlrhrZ6rt3,a frog,1
6,R_TiLhKAC5h15j3cB,a frog,1
4,R_1JFlndlE0dEtWUS,a frog,2
10,R_5szVFoyNO6O1wiZ,a frog,1
6,R_3ELmuTGe6sfdQUh,a frog,3
8,R_1kOg8DdxQL7bxcn,a frog,3
6,R_2fs4bByv38E4UJv,a frog,1
7,R_uyxIoOJAwOPGVgd,a frog,2
9,R_2bZyNXHwQ6UkDO8,a frog,2
6,R_1Lv2WZLUlVIfNuK,a frog,1
5,R_2c6MQdA38IH0nVM,a frog,2
3,R_3et8yFlpDIjgJ2M,a frog,1
4,R_yWmBiU5Ruql1N6N,a frog,1
4,R_22XQpedTwJiOEk1,a frog,1
8,R_tG4R7fTti1iEERX,a frog,3
4,R_2ZKSuUPKm4kLzjA,a frog,1
7,R_2CpMgusmidE8tCx,a frog,1
6,R_33r9gLd6qAc4mx3,a frog,3
6,R_1OJD31Pkio2KnDk,a frog,1
5,R_0DHlRrTBJyUPVxD,a frog,3
6,R_pQMnmdW9IxpfNxT,a frog,2
7,R_2TS1O7AXpM8Fc3M,a frog,3
6,R_3fWcTCLJWBkuEYW,a frog,1
9,R_1ClJWdimptEk3mh,a frog,5
4,R_1FbP3tFJCrAQEDD,a bee,5
4,R_29bnfATbJLAoC55,a bee,2
7,R_Cmog5boCguFbWtb,a bee,2
4,R_2Xp2RDmxR1aa2DY,a bee,3
3,R_1OxIRypHy2GHyfy,a bee,1
4,R_3EHd2XwtQFFhHgd,a bee,1
9,R_1n0JwmUrJ2Nnxlb,a bee,1
3,R_2CepCHVDEKZy4Dw,a bee,1
7,R_9pJszzAogLdUhVL,a bee,4
3,R_2ARnVeYevtVN5ZN,a bee,1
3,R_2Y3UAbs88BX2lbJ,a bee,1
7,R_1LimYCRh7COJoxO,a bee,3
3,R_1EYbCYd95yxc6cA,a bee,2
8,R_27q8HA5iTj8MJ8L,a bee,2
3,R_1jVAe2AL4LCWqJg,a bee,3
6,R_eM2x5BdhWPqKGB3,a bee,2
3,R_3j9HJbkBrEQYPJY,a bee,1
9,R_29p76St8e8HAXqk,a bee,4
6,R_01zhARIbhgNAUZr,a bee,1
3,R_1LUNYpVRS1X6VE5,a bee,1
4,R_3si8pgkUnJyGBW6,a bee,2
6,R_1kOoSGsZYQ2Y6fE,a bee,1
9,R_2TQTz8Yxu8zNlSi,a bee,1
6,R_1GWxBMbZunxtYL4,a bee,3
5,R_xtGPyL98hHU0JKV,a bee,1
5,R_9yLZ3SAHkFVFwhH,a bee,2
5,R_PBvXw2hc7xtn3zP,a bee,1
2,R_3HqqGVlrhrZ6rt3,a bee,1
6,R_TiLhKAC5h15j3cB,a bee,2
4,R_1JFlndlE0dEtWUS,a bee,1
10,R_5szVFoyNO6O1wiZ,a bee,2
6,R_3ELmuTGe6sfdQUh,a bee,3
8,R_1kOg8DdxQL7bxcn,a bee,4
6,R_2fs4bByv38E4UJv,a bee,2
7,R_uyxIoOJAwOPGVgd,a bee,3
9,R_2bZyNXHwQ6UkDO8,a bee,2
6,R_1Lv2WZLUlVIfNuK,a bee,2
5,R_2c6MQdA38IH0nVM,a bee,3
3,R_3et8yFlpDIjgJ2M,a bee,1
4,R_yWmBiU5Ruql1N6N,a bee,2
4,R_22XQpedTwJiOEk1,a bee,4
8,R_tG4R7fTti1iEERX,a bee,2
4,R_2ZKSuUPKm4kLzjA,a bee,2
7,R_2CpMgusmidE8tCx,a bee,2
6,R_33r9gLd6qAc4mx3,a bee,2
6,R_1OJD31Pkio2KnDk,a bee,1
5,R_0DHlRrTBJyUPVxD,a bee,3
6,R_pQMnmdW9IxpfNxT,a bee,1
7,R_2TS1O7AXpM8Fc3M,a bee,2
6,R_3fWcTCLJWBkuEYW,a bee,4
9,R_1ClJWdimptEk3mh,a bee,5
4,R_1FbP3tFJCrAQEDD,a spider,5
4,R_29bnfATbJLAoC55,a spider,3
7,R_Cmog5boCguFbWtb,a spider,1
4,R_2Xp2RDmxR1aa2DY,a spider,2
3,R_1OxIRypHy2GHyfy,a spider,1
4,R_3EHd2XwtQFFhHgd,a spider,2
9,R_1n0JwmUrJ2Nnxlb,a spider,3
3,R_2CepCHVDEKZy4Dw,a spider,1
7,R_9pJszzAogLdUhVL,a spider,3
3,R_2ARnVeYevtVN5ZN,a spider,2
3,R_2Y3UAbs88BX2lbJ,a spider,1
7,R_1LimYCRh7COJoxO,a spider,3
3,R_1EYbCYd95yxc6cA,a spider,1
8,R_27q8HA5iTj8MJ8L,a spider,3
3,R_1jVAe2AL4LCWqJg,a spider,1
6,R_eM2x5BdhWPqKGB3,a spider,1
3,R_3j9HJbkBrEQYPJY,a spider,2
9,R_29p76St8e8HAXqk,a spider,3
6,R_01zhARIbhgNAUZr,a spider,3
3,R_1LUNYpVRS1X6VE5,a spider,1
4,R_3si8pgkUnJyGBW6,a spider,3
6,R_1kOoSGsZYQ2Y6fE,a spider,1
9,R_2TQTz8Yxu8zNlSi,a spider,3
6,R_1GWxBMbZunxtYL4,a spider,3
5,R_xtGPyL98hHU0JKV,a spider,2
5,R_9yLZ3SAHkFVFwhH,a spider,4
5,R_PBvXw2hc7xtn3zP,a spider,2
2,R_3HqqGVlrhrZ6rt3,a spider,1
6,R_TiLhKAC5h15j3cB,a spider,2
4,R_1JFlndlE0dEtWUS,a spider,1
10,R_5szVFoyNO6O1wiZ,a spider,3
6,R_3ELmuTGe6sfdQUh,a spider,2
8,R_1kOg8DdxQL7bxcn,a spider,2
6,R_2fs4bByv38E4UJv,a spider,2
7,R_uyxIoOJAwOPGVgd,a spider,3
9,R_2bZyNXHwQ6UkDO8,a spider,5
6,R_1Lv2WZLUlVIfNuK,a spider,3
5,R_2c6MQdA38IH0nVM,a spider,1
3,R_3et8yFlpDIjgJ2M,a spider,1
4,R_yWmBiU5Ruql1N6N,a spider,2
4,R_22XQpedTwJiOEk1,a spider,1
8,R_tG4R7fTti1iEERX,a spider,2
4,R_2ZKSuUPKm4kLzjA,a spider,3
7,R_2CpMgusmidE8tCx,a spider,3
6,R_33r9gLd6qAc4mx3,a spider,1
6,R_1OJD31Pkio2KnDk,a spider,1
5,R_0DHlRrTBJyUPVxD,a spider,2
6,R_pQMnmdW9IxpfNxT,a spider,4
7,R_2TS1O7AXpM8Fc3M,a spider,4
6,R_3fWcTCLJWBkuEYW,a spider,3
9,R_1ClJWdimptEk3mh,a spider,5
4,R_1FbP3tFJCrAQEDD,a piano,5
4,R_29bnfATbJLAoC55,a piano,1
7,R_Cmog5boCguFbWtb,a piano,2
4,R_2Xp2RDmxR1aa2DY,a piano,1
3,R_1OxIRypHy2GHyfy,a piano,1
4,R_3EHd2XwtQFFhHgd,a piano,1
9,R_1n0JwmUrJ2Nnxlb,a piano,1
3,R_2CepCHVDEKZy4Dw,a piano,1
7,R_9pJszzAogLdUhVL,a piano,1
3,R_2ARnVeYevtVN5ZN,a piano,1
3,R_2Y3UAbs88BX2lbJ,a piano,1
7,R_1LimYCRh7COJoxO,a piano,1
3,R_1EYbCYd95yxc6cA,a piano,1
8,R_27q8HA5iTj8MJ8L,a piano,2
3,R_1jVAe2AL4LCWqJg,a piano,1
6,R_eM2x5BdhWPqKGB3,a piano,1
3,R_3j9HJbkBrEQYPJY,a piano,1
9,R_29p76St8e8HAXqk,a piano,1
6,R_01zhARIbhgNAUZr,a piano,1
3,R_1LUNYpVRS1X6VE5,a piano,1
4,R_3si8pgkUnJyGBW6,a piano,3
6,R_1kOoSGsZYQ2Y6fE,a piano,1
9,R_2TQTz8Yxu8zNlSi,a piano,3
6,R_1GWxBMbZunxtYL4,a piano,1
5,R_xtGPyL98hHU0JKV,a piano,2
5,R_9yLZ3SAHkFVFwhH,a piano,1
5,R_PBvXw2hc7xtn3zP,a piano,1
2,R_3HqqGVlrhrZ6rt3,a piano,1
6,R_TiLhKAC5h15j3cB,a piano,1
4,R_1JFlndlE0dEtWUS,a piano,1
10,R_5szVFoyNO6O1wiZ,a piano,1
6,R_3ELmuTGe6sfdQUh,a piano,1
8,R_1kOg8DdxQL7bxcn,a piano,1
6,R_2fs4bByv38E4UJv,a piano,2
7,R_uyxIoOJAwOPGVgd,a piano,2
9,R_2bZyNXHwQ6UkDO8,a piano,1
6,R_1Lv2WZLUlVIfNuK,a piano,1
5,R_2c6MQdA38IH0nVM,a piano,1
3,R_3et8yFlpDIjgJ2M,a piano,1
4,R_yWmBiU5Ruql1N6N,a piano,1
4,R_22XQpedTwJiOEk1,a piano,1
8,R_tG4R7fTti1iEERX,a piano,1
4,R_2ZKSuUPKm4kLzjA,a piano,1
7,R_2CpMgusmidE8tCx,a piano,1
6,R_33r9gLd6qAc4mx3,a piano,1
6,R_1OJD31Pkio2KnDk,a piano,1
5,R_0DHlRrTBJyUPVxD,a piano,1
6,R_pQMnmdW9IxpfNxT,a piano,1
7,R_2TS1O7AXpM8Fc3M,a piano,1
6,R_3fWcTCLJWBkuEYW,a piano,1
9,R_1ClJWdimptEk3mh,a piano,4
4,R_1FbP3tFJCrAQEDD,a chair,5
4,R_29bnfATbJLAoC55,a chair,3
7,R_Cmog5boCguFbWtb,a chair,2
4,R_2Xp2RDmxR1aa2DY,a chair,2
3,R_1OxIRypHy2GHyfy,a chair,2
4,R_3EHd2XwtQFFhHgd,a chair,1
9,R_1n0JwmUrJ2Nnxlb,a chair,1
3,R_2CepCHVDEKZy4Dw,a chair,1
7,R_9pJszzAogLdUhVL,a chair,2
3,R_2ARnVeYevtVN5ZN,a chair,1
3,R_2Y3UAbs88BX2lbJ,a chair,1
7,R_1LimYCRh7COJoxO,a chair,2
3,R_1EYbCYd95yxc6cA,a chair,1
8,R_27q8HA5iTj8MJ8L,a chair,2
3,R_1jVAe2AL4LCWqJg,a chair,2
6,R_eM2x5BdhWPqKGB3,a chair,1
3,R_3j9HJbkBrEQYPJY,a chair,1
9,R_29p76St8e8HAXqk,a chair,3
6,R_01zhARIbhgNAUZr,a chair,1
3,R_1LUNYpVRS1X6VE5,a chair,1
4,R_3si8pgkUnJyGBW6,a chair,3
6,R_1kOoSGsZYQ2Y6fE,a chair,1
9,R_2TQTz8Yxu8zNlSi,a chair,2
6,R_1GWxBMbZunxtYL4,a chair,2
5,R_xtGPyL98hHU0JKV,a chair,2
5,R_9yLZ3SAHkFVFwhH,a chair,2
5,R_PBvXw2hc7xtn3zP,a chair,2
2,R_3HqqGVlrhrZ6rt3,a chair,1
6,R_TiLhKAC5h15j3cB,a chair,2
4,R_1JFlndlE0dEtWUS,a chair,3
10,R_5szVFoyNO6O1wiZ,a chair,2
6,R_3ELmuTGe6sfdQUh,a chair,2
8,R_1kOg8DdxQL7bxcn,a chair,3
6,R_2fs4bByv38E4UJv,a chair,3
7,R_uyxIoOJAwOPGVgd,a chair,3
9,R_2bZyNXHwQ6UkDO8,a chair,2
6,R_1Lv2WZLUlVIfNuK,a chair,4
5,R_2c6MQdA38IH0nVM,a chair,3
3,R_3et8yFlpDIjgJ2M,a chair,2
4,R_yWmBiU5Ruql1N6N,a chair,2
4,R_22XQpedTwJiOEk1,a chair,2
8,R_tG4R7fTti1iEERX,a chair,2
4,R_2ZKSuUPKm4kLzjA,a chair,1
7,R_2CpMgusmidE8tCx,a chair,1
6,R_33r9gLd6qAc4mx3,a chair,2
6,R_1OJD31Pkio2KnDk,a chair,3
5,R_0DHlRrTBJyUPVxD,a chair,3
6,R_pQMnmdW9IxpfNxT,a chair,3
7,R_2TS1O7AXpM8Fc3M,a chair,3
6,R_3fWcTCLJWBkuEYW,a chair,1
9,R_1ClJWdimptEk3mh,a chair,1
4,R_1FbP3tFJCrAQEDD,a couch,5
4,R_29bnfATbJLAoC55,a couch,2
7,R_Cmog5boCguFbWtb,a couch,2
4,R_2Xp2RDmxR1aa2DY,a couch,1
3,R_1OxIRypHy2GHyfy,a couch,1
4,R_3EHd2XwtQFFhHgd,a couch,1
9,R_1n0JwmUrJ2Nnxlb,a couch,1
3,R_2CepCHVDEKZy4Dw,a couch,1
7,R_9pJszzAogLdUhVL,a couch,2
3,R_2ARnVeYevtVN5ZN,a couch,1
3,R_2Y3UAbs88BX2lbJ,a couch,1
7,R_1LimYCRh7COJoxO,a couch,2
3,R_1EYbCYd95yxc6cA,a couch,1
8,R_27q8HA5iTj8MJ8L,a couch,1
3,R_1jVAe2AL4LCWqJg,a couch,2
6,R_eM2x5BdhWPqKGB3,a couch,1
3,R_3j9HJbkBrEQYPJY,a couch,1
9,R_29p76St8e8HAXqk,a couch,4
6,R_01zhARIbhgNAUZr,a couch,1
3,R_1LUNYpVRS1X6VE5,a couch,1
4,R_3si8pgkUnJyGBW6,a couch,2
6,R_1kOoSGsZYQ2Y6fE,a couch,1
9,R_2TQTz8Yxu8zNlSi,a couch,2
6,R_1GWxBMbZunxtYL4,a couch,2
5,R_xtGPyL98hHU0JKV,a couch,1
5,R_9yLZ3SAHkFVFwhH,a couch,4
5,R_PBvXw2hc7xtn3zP,a couch,2
2,R_3HqqGVlrhrZ6rt3,a couch,1
6,R_TiLhKAC5h15j3cB,a couch,1
4,R_1JFlndlE0dEtWUS,a couch,3
10,R_5szVFoyNO6O1wiZ,a couch,1
6,R_3ELmuTGe6sfdQUh,a couch,2
8,R_1kOg8DdxQL7bxcn,a couch,1
6,R_2fs4bByv38E4UJv,a couch,1
7,R_uyxIoOJAwOPGVgd,a couch,2
9,R_2bZyNXHwQ6UkDO8,a couch,1
6,R_1Lv2WZLUlVIfNuK,a couch,1
5,R_2c6MQdA38IH0nVM,a couch,3
3,R_3et8yFlpDIjgJ2M,a couch,1
4,R_yWmBiU5Ruql1N6N,a couch,2
4,R_22XQpedTwJiOEk1,a couch,1
8,R_tG4R7fTti1iEERX,a couch,2
4,R_2ZKSuUPKm4kLzjA,a couch,1
7,R_2CpMgusmidE8tCx,a couch,3
6,R_33r9gLd6qAc4mx3,a couch,2
6,R_1OJD31Pkio2KnDk,a couch,2
5,R_0DHlRrTBJyUPVxD,a couch,2
6,R_pQMnmdW9IxpfNxT,a couch,3
7,R_2TS1O7AXpM8Fc3M,a couch,1
6,R_3fWcTCLJWBkuEYW,a couch,1
9,R_1ClJWdimptEk3mh,a couch,4
4,R_1FbP3tFJCrAQEDD,a cactus,5
4,R_29bnfATbJLAoC55,a cactus,2
7,R_Cmog5boCguFbWtb,a cactus,2
4,R_2Xp2RDmxR1aa2DY,a cactus,1
3,R_1OxIRypHy2GHyfy,a cactus,1
4,R_3EHd2XwtQFFhHgd,a cactus,1
9,R_1n0JwmUrJ2Nnxlb,a cactus,1
3,R_2CepCHVDEKZy4Dw,a cactus,1
7,R_9pJszzAogLdUhVL,a cactus,2
3,R_2ARnVeYevtVN5ZN,a cactus,1
3,R_2Y3UAbs88BX2lbJ,a cactus,1
7,R_1LimYCRh7COJoxO,a cactus,1
3,R_1EYbCYd95yxc6cA,a cactus,1
8,R_27q8HA5iTj8MJ8L,a cactus,1
3,R_1jVAe2AL4LCWqJg,a cactus,1
6,R_eM2x5BdhWPqKGB3,a cactus,1
3,R_3j9HJbkBrEQYPJY,a cactus,1
9,R_29p76St8e8HAXqk,a cactus,2
6,R_01zhARIbhgNAUZr,a cactus,1
3,R_1LUNYpVRS1X6VE5,a cactus,1
4,R_3si8pgkUnJyGBW6,a cactus,2
6,R_1kOoSGsZYQ2Y6fE,a cactus,1
9,R_2TQTz8Yxu8zNlSi,a cactus,1
6,R_1GWxBMbZunxtYL4,a cactus,1
5,R_xtGPyL98hHU0JKV,a cactus,1
5,R_9yLZ3SAHkFVFwhH,a cactus,1
5,R_PBvXw2hc7xtn3zP,a cactus,2
2,R_3HqqGVlrhrZ6rt3,a cactus,1
6,R_TiLhKAC5h15j3cB,a cactus,1
4,R_1JFlndlE0dEtWUS,a cactus,2
10,R_5szVFoyNO6O1wiZ,a cactus,1
6,R_3ELmuTGe6sfdQUh,a cactus,2
8,R_1kOg8DdxQL7bxcn,a cactus,3
6,R_2fs4bByv38E4UJv,a cactus,1
7,R_uyxIoOJAwOPGVgd,a cactus,3
9,R_2bZyNXHwQ6UkDO8,a cactus,3
6,R_1Lv2WZLUlVIfNuK,a cactus,1
5,R_2c6MQdA38IH0nVM,a cactus,1
3,R_3et8yFlpDIjgJ2M,a cactus,1
4,R_yWmBiU5Ruql1N6N,a cactus,1
4,R_22XQpedTwJiOEk1,a cactus,1
8,R_tG4R7fTti1iEERX,a cactus,1
4,R_2ZKSuUPKm4kLzjA,a cactus,1
7,R_2CpMgusmidE8tCx,a cactus,2
6,R_33r9gLd6qAc4mx3,a cactus,1
6,R_1OJD31Pkio2KnDk,a cactus,1
5,R_0DHlRrTBJyUPVxD,a cactus,1
6,R_pQMnmdW9IxpfNxT,a cactus,1
7,R_2TS1O7AXpM8Fc3M,a cactus,2
6,R_3fWcTCLJWBkuEYW,a cactus,1
9,R_1ClJWdimptEk3mh,a cactus,3
4,R_1FbP3tFJCrAQEDD,a bowl,5
4,R_29bnfATbJLAoC55,a bowl,1
7,R_Cmog5boCguFbWtb,a bowl,2
4,R_2Xp2RDmxR1aa2DY,a bowl,3
3,R_1OxIRypHy2GHyfy,a bowl,1
4,R_3EHd2XwtQFFhHgd,a bowl,1
9,R_1n0JwmUrJ2Nnxlb,a bowl,1
3,R_2CepCHVDEKZy4Dw,a bowl,1
7,R_9pJszzAogLdUhVL,a bowl,3
3,R_2ARnVeYevtVN5ZN,a bowl,1
3,R_2Y3UAbs88BX2lbJ,a bowl,1
7,R_1LimYCRh7COJoxO,a bowl,1
3,R_1EYbCYd95yxc6cA,a bowl,1
8,R_27q8HA5iTj8MJ8L,a bowl,2
3,R_1jVAe2AL4LCWqJg,a bowl,2
6,R_eM2x5BdhWPqKGB3,a bowl,1
3,R_3j9HJbkBrEQYPJY,a bowl,1
9,R_29p76St8e8HAXqk,a bowl,3
6,R_01zhARIbhgNAUZr,a bowl,1
3,R_1LUNYpVRS1X6VE5,a bowl,1
4,R_3si8pgkUnJyGBW6,a bowl,4
6,R_1kOoSGsZYQ2Y6fE,a bowl,1
9,R_2TQTz8Yxu8zNlSi,a bowl,1
6,R_1GWxBMbZunxtYL4,a bowl,2
5,R_xtGPyL98hHU0JKV,a bowl,1
5,R_9yLZ3SAHkFVFwhH,a bowl,1
5,R_PBvXw2hc7xtn3zP,a bowl,1
2,R_3HqqGVlrhrZ6rt3,a bowl,1
6,R_TiLhKAC5h15j3cB,a bowl,2
4,R_1JFlndlE0dEtWUS,a bowl,2
10,R_5szVFoyNO6O1wiZ,a bowl,1
6,R_3ELmuTGe6sfdQUh,a bowl,1
8,R_1kOg8DdxQL7bxcn,a bowl,3
6,R_2fs4bByv38E4UJv,a bowl,1
7,R_uyxIoOJAwOPGVgd,a bowl,2
9,R_2bZyNXHwQ6UkDO8,a bowl,2
6,R_1Lv2WZLUlVIfNuK,a bowl,2
5,R_2c6MQdA38IH0nVM,a bowl,3
3,R_3et8yFlpDIjgJ2M,a bowl,1
4,R_yWmBiU5Ruql1N6N,a bowl,2
4,R_22XQpedTwJiOEk1,a bowl,1
8,R_tG4R7fTti1iEERX,a bowl,1
4,R_2ZKSuUPKm4kLzjA,a bowl,1
7,R_2CpMgusmidE8tCx,a bowl,2
6,R_33r9gLd6qAc4mx3,a bowl,2
6,R_1OJD31Pkio2KnDk,a bowl,1
5,R_0DHlRrTBJyUPVxD,a bowl,2
6,R_pQMnmdW9IxpfNxT,a bowl,1
7,R_2TS1O7AXpM8Fc3M,a bowl,1
6,R_3fWcTCLJWBkuEYW,a bowl,3
9,R_1ClJWdimptEk3mh,a bowl,3
4,R_1FbP3tFJCrAQEDD,a key,5
4,R_29bnfATbJLAoC55,a key,2
7,R_Cmog5boCguFbWtb,a key,1
4,R_2Xp2RDmxR1aa2DY,a key,1
3,R_1OxIRypHy2GHyfy,a key,1
4,R_3EHd2XwtQFFhHgd,a key,1
9,R_1n0JwmUrJ2Nnxlb,a key,1
3,R_2CepCHVDEKZy4Dw,a key,1
7,R_9pJszzAogLdUhVL,a key,1
3,R_2ARnVeYevtVN5ZN,a key,1
3,R_2Y3UAbs88BX2lbJ,a key,1
7,R_1LimYCRh7COJoxO,a key,2
3,R_1EYbCYd95yxc6cA,a key,1
8,R_27q8HA5iTj8MJ8L,a key,2
3,R_1jVAe2AL4LCWqJg,a key,2
6,R_eM2x5BdhWPqKGB3,a key,1
3,R_3j9HJbkBrEQYPJY,a key,1
9,R_29p76St8e8HAXqk,a key,2
6,R_01zhARIbhgNAUZr,a key,1
3,R_1LUNYpVRS1X6VE5,a key,1
4,R_3si8pgkUnJyGBW6,a key,2
6,R_1kOoSGsZYQ2Y6fE,a key,1
9,R_2TQTz8Yxu8zNlSi,a key,1
6,R_1GWxBMbZunxtYL4,a key,1
5,R_xtGPyL98hHU0JKV,a key,1
5,R_9yLZ3SAHkFVFwhH,a key,1
5,R_PBvXw2hc7xtn3zP,a key,1
2,R_3HqqGVlrhrZ6rt3,a key,1
6,R_TiLhKAC5h15j3cB,a key,2
4,R_1JFlndlE0dEtWUS,a key,1
10,R_5szVFoyNO6O1wiZ,a key,1
6,R_3ELmuTGe6sfdQUh,a key,2
8,R_1kOg8DdxQL7bxcn,a key,1
6,R_2fs4bByv38E4UJv,a key,1
7,R_uyxIoOJAwOPGVgd,a key,2
9,R_2bZyNXHwQ6UkDO8,a key,2
6,R_1Lv2WZLUlVIfNuK,a key,1
5,R_2c6MQdA38IH0nVM,a key,1
3,R_3et8yFlpDIjgJ2M,a key,2
4,R_yWmBiU5Ruql1N6N,a key,1
4,R_22XQpedTwJiOEk1,a key,1
8,R_tG4R7fTti1iEERX,a key,1
4,R_2ZKSuUPKm4kLzjA,a key,1
7,R_2CpMgusmidE8tCx,a key,1
6,R_33r9gLd6qAc4mx3,a key,2
6,R_1OJD31Pkio2KnDk,a key,1
5,R_0DHlRrTBJyUPVxD,a key,1
6,R_pQMnmdW9IxpfNxT,a key,2
7,R_2TS1O7AXpM8Fc3M,a key,1
6,R_3fWcTCLJWBkuEYW,a key,3
9,R_1ClJWdimptEk3mh,a key,2
4,R_1FbP3tFJCrAQEDD,a phone,5
4,R_29bnfATbJLAoC55,a phone,1
7,R_Cmog5boCguFbWtb,a phone,2
4,R_2Xp2RDmxR1aa2DY,a phone,3
3,R_1OxIRypHy2GHyfy,a phone,1
4,R_3EHd2XwtQFFhHgd,a phone,1
9,R_1n0JwmUrJ2Nnxlb,a phone,1
3,R_2CepCHVDEKZy4Dw,a phone,1
7,R_9pJszzAogLdUhVL,a phone,2
3,R_2ARnVeYevtVN5ZN,a phone,1
3,R_2Y3UAbs88BX2lbJ,a phone,1
7,R_1LimYCRh7COJoxO,a phone,2
3,R_1EYbCYd95yxc6cA,a phone,1
8,R_27q8HA5iTj8MJ8L,a phone,2
3,R_1jVAe2AL4LCWqJg,a phone,2
6,R_eM2x5BdhWPqKGB3,a phone,2
3,R_3j9HJbkBrEQYPJY,a phone,1
9,R_29p76St8e8HAXqk,a phone,4
6,R_01zhARIbhgNAUZr,a phone,1
3,R_1LUNYpVRS1X6VE5,a phone,1
4,R_3si8pgkUnJyGBW6,a phone,3
6,R_1kOoSGsZYQ2Y6fE,a phone,1
9,R_2TQTz8Yxu8zNlSi,a phone,1
6,R_1GWxBMbZunxtYL4,a phone,1
5,R_xtGPyL98hHU0JKV,a phone,1
5,R_9yLZ3SAHkFVFwhH,a phone,1
5,R_PBvXw2hc7xtn3zP,a phone,1
2,R_3HqqGVlrhrZ6rt3,a phone,1
6,R_TiLhKAC5h15j3cB,a phone,1
4,R_1JFlndlE0dEtWUS,a phone,2
10,R_5szVFoyNO6O1wiZ,a phone,2
6,R_3ELmuTGe6sfdQUh,a phone,3
8,R_1kOg8DdxQL7bxcn,a phone,2
6,R_2fs4bByv38E4UJv,a phone,1
7,R_uyxIoOJAwOPGVgd,a phone,3
9,R_2bZyNXHwQ6UkDO8,a phone,1
6,R_1Lv2WZLUlVIfNuK,a phone,2
5,R_2c6MQdA38IH0nVM,a phone,2
3,R_3et8yFlpDIjgJ2M,a phone,3
4,R_yWmBiU5Ruql1N6N,a phone,2
4,R_22XQpedTwJiOEk1,a phone,1
8,R_tG4R7fTti1iEERX,a phone,3
4,R_2ZKSuUPKm4kLzjA,a phone,1
7,R_2CpMgusmidE8tCx,a phone,4
6,R_33r9gLd6qAc4mx3,a phone,2
6,R_1OJD31Pkio2KnDk,a phone,1
5,R_0DHlRrTBJyUPVxD,a phone,1
6,R_pQMnmdW9IxpfNxT,a phone,2
7,R_2TS1O7AXpM8Fc3M,a phone,1
6,R_3fWcTCLJWBkuEYW,a phone,1
9,R_1ClJWdimptEk3mh,a phone,3
4,R_1FbP3tFJCrAQEDD,a scissors,5
4,R_29bnfATbJLAoC55,a scissors,1
7,R_Cmog5boCguFbWtb,a scissors,1
4,R_2Xp2RDmxR1aa2DY,a scissors,1
3,R_1OxIRypHy2GHyfy,a scissors,1
4,R_3EHd2XwtQFFhHgd,a scissors,1
9,R_1n0JwmUrJ2Nnxlb,a scissors,1
3,R_2CepCHVDEKZy4Dw,a scissors,1
7,R_9pJszzAogLdUhVL,a scissors,1
3,R_2ARnVeYevtVN5ZN,a scissors,1
3,R_2Y3UAbs88BX2lbJ,a scissors,1
7,R_1LimYCRh7COJoxO,a scissors,2
3,R_1EYbCYd95yxc6cA,a scissors,1
8,R_27q8HA5iTj8MJ8L,a scissors,2
3,R_1jVAe2AL4LCWqJg,a scissors,1
6,R_eM2x5BdhWPqKGB3,a scissors,1
3,R_3j9HJbkBrEQYPJY,a scissors,1
9,R_29p76St8e8HAXqk,a scissors,3
6,R_01zhARIbhgNAUZr,a scissors,1
3,R_1LUNYpVRS1X6VE5,a scissors,1
4,R_3si8pgkUnJyGBW6,a scissors,2
6,R_1kOoSGsZYQ2Y6fE,a scissors,1
9,R_2TQTz8Yxu8zNlSi,a scissors,1
6,R_1GWxBMbZunxtYL4,a scissors,2
5,R_xtGPyL98hHU0JKV,a scissors,1
5,R_9yLZ3SAHkFVFwhH,a scissors,2
5,R_PBvXw2hc7xtn3zP,a scissors,1
2,R_3HqqGVlrhrZ6rt3,a scissors,1
6,R_TiLhKAC5h15j3cB,a scissors,2
4,R_1JFlndlE0dEtWUS,a scissors,2
10,R_5szVFoyNO6O1wiZ,a scissors,1
6,R_3ELmuTGe6sfdQUh,a scissors,1
8,R_1kOg8DdxQL7bxcn,a scissors,2
6,R_2fs4bByv38E4UJv,a scissors,1
7,R_uyxIoOJAwOPGVgd,a scissors,2
9,R_2bZyNXHwQ6UkDO8,a scissors,2
6,R_1Lv2WZLUlVIfNuK,a scissors,1
5,R_2c6MQdA38IH0nVM,a scissors,1
3,R_3et8yFlpDIjgJ2M,a scissors,1
4,R_yWmBiU5Ruql1N6N,a scissors,1
4,R_22XQpedTwJiOEk1,a scissors,1
8,R_tG4R7fTti1iEERX,a scissors,1
4,R_2ZKSuUPKm4kLzjA,a scissors,1
7,R_2CpMgusmidE8tCx,a scissors,1
6,R_33r9gLd6qAc4mx3,a scissors,3
6,R_1OJD31Pkio2KnDk,a scissors,2
5,R_0DHlRrTBJyUPVxD,a scissors,1
6,R_pQMnmdW9IxpfNxT,a scissors,1
7,R_2TS1O7AXpM8Fc3M,a scissors,1
6,R_3fWcTCLJWBkuEYW,a scissors,3
9,R_1ClJWdimptEk3mh,a scissors,3
4,R_1FbP3tFJCrAQEDD,a bottle,5
4,R_29bnfATbJLAoC55,a bottle,1
7,R_Cmog5boCguFbWtb,a bottle,2
4,R_2Xp2RDmxR1aa2DY,a bottle,2
3,R_1OxIRypHy2GHyfy,a bottle,1
4,R_3EHd2XwtQFFhHgd,a bottle,1
9,R_1n0JwmUrJ2Nnxlb,a bottle,2
3,R_2CepCHVDEKZy4Dw,a bottle,1
7,R_9pJszzAogLdUhVL,a bottle,1
3,R_2ARnVeYevtVN5ZN,a bottle,1
3,R_2Y3UAbs88BX2lbJ,a bottle,1
7,R_1LimYCRh7COJoxO,a bottle,2
3,R_1EYbCYd95yxc6cA,a bottle,1
8,R_27q8HA5iTj8MJ8L,a bottle,2
3,R_1jVAe2AL4LCWqJg,a bottle,2
6,R_eM2x5BdhWPqKGB3,a bottle,1
3,R_3j9HJbkBrEQYPJY,a bottle,1
9,R_29p76St8e8HAXqk,a bottle,3
6,R_01zhARIbhgNAUZr,a bottle,1
3,R_1LUNYpVRS1X6VE5,a bottle,1
4,R_3si8pgkUnJyGBW6,a bottle,2
6,R_1kOoSGsZYQ2Y6fE,a bottle,1
9,R_2TQTz8Yxu8zNlSi,a bottle,1
6,R_1GWxBMbZunxtYL4,a bottle,1
5,R_xtGPyL98hHU0JKV,a bottle,1
5,R_9yLZ3SAHkFVFwhH,a bottle,1
5,R_PBvXw2hc7xtn3zP,a bottle,1
2,R_3HqqGVlrhrZ6rt3,a bottle,1
6,R_TiLhKAC5h15j3cB,a bottle,1
4,R_1JFlndlE0dEtWUS,a bottle,1
10,R_5szVFoyNO6O1wiZ,a bottle,1
6,R_3ELmuTGe6sfdQUh,a bottle,3
8,R_1kOg8DdxQL7bxcn,a bottle,1
6,R_2fs4bByv38E4UJv,a bottle,1
7,R_uyxIoOJAwOPGVgd,a bottle,2
9,R_2bZyNXHwQ6UkDO8,a bottle,2
6,R_1Lv2WZLUlVIfNuK,a bottle,2
5,R_2c6MQdA38IH0nVM,a bottle,2
3,R_3et8yFlpDIjgJ2M,a bottle,1
4,R_yWmBiU5Ruql1N6N,a bottle,2
4,R_22XQpedTwJiOEk1,a bottle,1
8,R_tG4R7fTti1iEERX,a bottle,1
4,R_2ZKSuUPKm4kLzjA,a bottle,1
7,R_2CpMgusmidE8tCx,a bottle,3
6,R_33r9gLd6qAc4mx3,a bottle,1
6,R_1OJD31Pkio2KnDk,a bottle,2
5,R_0DHlRrTBJyUPVxD,a bottle,2
6,R_pQMnmdW9IxpfNxT,a bottle,1
7,R_2TS1O7AXpM8Fc3M,a bottle,1
6,R_3fWcTCLJWBkuEYW,a bottle,1
9,R_1ClJWdimptEk3mh,a bottle,3
4,R_1FbP3tFJCrAQEDD,a hat,5
4,R_29bnfATbJLAoC55,a hat,3
7,R_Cmog5boCguFbWtb,a hat,2
4,R_2Xp2RDmxR1aa2DY,a hat,1
3,R_1OxIRypHy2GHyfy,a hat,1
4,R_3EHd2XwtQFFhHgd,a hat,1
9,R_1n0JwmUrJ2Nnxlb,a hat,2
3,R_2CepCHVDEKZy4Dw,a hat,1
7,R_9pJszzAogLdUhVL,a hat,3
3,R_2ARnVeYevtVN5ZN,a hat,1
3,R_2Y3UAbs88BX2lbJ,a hat,1
7,R_1LimYCRh7COJoxO,a hat,2
3,R_1EYbCYd95yxc6cA,a hat,1
8,R_27q8HA5iTj8MJ8L,a hat,2
3,R_1jVAe2AL4LCWqJg,a hat,3
6,R_eM2x5BdhWPqKGB3,a hat,1
3,R_3j9HJbkBrEQYPJY,a hat,1
9,R_29p76St8e8HAXqk,a hat,4
6,R_01zhARIbhgNAUZr,a hat,1
3,R_1LUNYpVRS1X6VE5,a hat,1
4,R_3si8pgkUnJyGBW6,a hat,3
6,R_1kOoSGsZYQ2Y6fE,a hat,1
9,R_2TQTz8Yxu8zNlSi,a hat,3
6,R_1GWxBMbZunxtYL4,a hat,3
5,R_xtGPyL98hHU0JKV,a hat,1
5,R_9yLZ3SAHkFVFwhH,a hat,3
5,R_PBvXw2hc7xtn3zP,a hat,3
2,R_3HqqGVlrhrZ6rt3,a hat,1
6,R_TiLhKAC5h15j3cB,a hat,4
4,R_1JFlndlE0dEtWUS,a hat,3
10,R_5szVFoyNO6O1wiZ,a hat,1
6,R_3ELmuTGe6sfdQUh,a hat,3
8,R_1kOg8DdxQL7bxcn,a hat,3
6,R_2fs4bByv38E4UJv,a hat,3
7,R_uyxIoOJAwOPGVgd,a hat,3
9,R_2bZyNXHwQ6UkDO8,a hat,4
6,R_1Lv2WZLUlVIfNuK,a hat,2
5,R_2c6MQdA38IH0nVM,a hat,4
3,R_3et8yFlpDIjgJ2M,a hat,1
4,R_yWmBiU5Ruql1N6N,a hat,2
4,R_22XQpedTwJiOEk1,a hat,3
8,R_tG4R7fTti1iEERX,a hat,3
4,R_2ZKSuUPKm4kLzjA,a hat,2
7,R_2CpMgusmidE8tCx,a hat,1
6,R_33r9gLd6qAc4mx3,a hat,3
6,R_1OJD31Pkio2KnDk,a hat,2
5,R_0DHlRrTBJyUPVxD,a hat,2
6,R_pQMnmdW9IxpfNxT,a hat,2
7,R_2TS1O7AXpM8Fc3M,a hat,2
6,R_3fWcTCLJWBkuEYW,a hat,1
9,R_1ClJWdimptEk3mh,a hat,2
4,R_1FbP3tFJCrAQEDD,a lamp,5
4,R_29bnfATbJLAoC55,a lamp,2
7,R_Cmog5boCguFbWtb,a lamp,1
4,R_2Xp2RDmxR1aa2DY,a lamp,1
3,R_1OxIRypHy2GHyfy,a lamp,1
4,R_3EHd2XwtQFFhHgd,a lamp,1
9,R_1n0JwmUrJ2Nnxlb,a lamp,1
3,R_2CepCHVDEKZy4Dw,a lamp,1
7,R_9pJszzAogLdUhVL,a lamp,2
3,R_2ARnVeYevtVN5ZN,a lamp,1
3,R_2Y3UAbs88BX2lbJ,a lamp,1
7,R_1LimYCRh7COJoxO,a lamp,1
3,R_1EYbCYd95yxc6cA,a lamp,1
8,R_27q8HA5iTj8MJ8L,a lamp,2
3,R_1jVAe2AL4LCWqJg,a lamp,2
6,R_eM2x5BdhWPqKGB3,a lamp,1
3,R_3j9HJbkBrEQYPJY,a lamp,1
9,R_29p76St8e8HAXqk,a lamp,2
6,R_01zhARIbhgNAUZr,a lamp,1
3,R_1LUNYpVRS1X6VE5,a lamp,1
4,R_3si8pgkUnJyGBW6,a lamp,3
6,R_1kOoSGsZYQ2Y6fE,a lamp,1
9,R_2TQTz8Yxu8zNlSi,a lamp,1
6,R_1GWxBMbZunxtYL4,a lamp,1
5,R_xtGPyL98hHU0JKV,a lamp,1
5,R_9yLZ3SAHkFVFwhH,a lamp,1
5,R_PBvXw2hc7xtn3zP,a lamp,1
2,R_3HqqGVlrhrZ6rt3,a lamp,1
6,R_TiLhKAC5h15j3cB,a lamp,2
4,R_1JFlndlE0dEtWUS,a lamp,1
10,R_5szVFoyNO6O1wiZ,a lamp,1
6,R_3ELmuTGe6sfdQUh,a lamp,2
8,R_1kOg8DdxQL7bxcn,a lamp,1
6,R_2fs4bByv38E4UJv,a lamp,1
7,R_uyxIoOJAwOPGVgd,a lamp,2
9,R_2bZyNXHwQ6UkDO8,a lamp,2
6,R_1Lv2WZLUlVIfNuK,a lamp,1
5,R_2c6MQdA38IH0nVM,a lamp,4
3,R_3et8yFlpDIjgJ2M,a lamp,3
4,R_yWmBiU5Ruql1N6N,a lamp,1
4,R_22XQpedTwJiOEk1,a lamp,1
8,R_tG4R7fTti1iEERX,a lamp,1
4,R_2ZKSuUPKm4kLzjA,a lamp,1
7,R_2CpMgusmidE8tCx,a lamp,2
6,R_33r9gLd6qAc4mx3,a lamp,2
6,R_1OJD31Pkio2KnDk,a lamp,1
5,R_0DHlRrTBJyUPVxD,a lamp,1
6,R_pQMnmdW9IxpfNxT,a lamp,2
7,R_2TS1O7AXpM8Fc3M,a lamp,1
6,R_3fWcTCLJWBkuEYW,a lamp,1
9,R_1ClJWdimptEk3mh,a lamp,2
4,R_1FbP3tFJCrAQEDD,a watch,5
4,R_29bnfATbJLAoC55,a watch,2
7,R_Cmog5boCguFbWtb,a watch,2
4,R_2Xp2RDmxR1aa2DY,a watch,3
3,R_1OxIRypHy2GHyfy,a watch,1
4,R_3EHd2XwtQFFhHgd,a watch,1
9,R_1n0JwmUrJ2Nnxlb,a watch,1
3,R_2CepCHVDEKZy4Dw,a watch,1
7,R_9pJszzAogLdUhVL,a watch,1
3,R_2ARnVeYevtVN5ZN,a watch,1
3,R_2Y3UAbs88BX2lbJ,a watch,1
7,R_1LimYCRh7COJoxO,a watch,2
3,R_1EYbCYd95yxc6cA,a watch,1
8,R_27q8HA5iTj8MJ8L,a watch,1
3,R_1jVAe2AL4LCWqJg,a watch,2
6,R_eM2x5BdhWPqKGB3,a watch,1
3,R_3j9HJbkBrEQYPJY,a watch,1
9,R_29p76St8e8HAXqk,a watch,2
6,R_01zhARIbhgNAUZr,a watch,1
3,R_1LUNYpVRS1X6VE5,a watch,1
4,R_3si8pgkUnJyGBW6,a watch,4
6,R_1kOoSGsZYQ2Y6fE,a watch,1
9,R_2TQTz8Yxu8zNlSi,a watch,1
6,R_1GWxBMbZunxtYL4,a watch,1
5,R_xtGPyL98hHU0JKV,a watch,1
5,R_9yLZ3SAHkFVFwhH,a watch,2
5,R_PBvXw2hc7xtn3zP,a watch,1
2,R_3HqqGVlrhrZ6rt3,a watch,1
6,R_TiLhKAC5h15j3cB,a watch,1
4,R_1JFlndlE0dEtWUS,a watch,1
10,R_5szVFoyNO6O1wiZ,a watch,1
6,R_3ELmuTGe6sfdQUh,a watch,3
8,R_1kOg8DdxQL7bxcn,a watch,1
6,R_2fs4bByv38E4UJv,a watch,1
7,R_uyxIoOJAwOPGVgd,a watch,2
9,R_2bZyNXHwQ6UkDO8,a watch,2
6,R_1Lv2WZLUlVIfNuK,a watch,1
5,R_2c6MQdA38IH0nVM,a watch,1
3,R_3et8yFlpDIjgJ2M,a watch,2
4,R_yWmBiU5Ruql1N6N,a watch,1
4,R_22XQpedTwJiOEk1,a watch,1
8,R_tG4R7fTti1iEERX,a watch,1
4,R_2ZKSuUPKm4kLzjA,a watch,1
7,R_2CpMgusmidE8tCx,a watch,1
6,R_33r9gLd6qAc4mx3,a watch,1
6,R_1OJD31Pkio2KnDk,a watch,2
5,R_0DHlRrTBJyUPVxD,a watch,2
6,R_pQMnmdW9IxpfNxT,a watch,1
7,R_2TS1O7AXpM8Fc3M,a watch,1
6,R_3fWcTCLJWBkuEYW,a watch,1
9,R_1ClJWdimptEk3mh,a watch,1
4,R_1FbP3tFJCrAQEDD,an apple,5
4,R_29bnfATbJLAoC55,an apple,3
7,R_Cmog5boCguFbWtb,an apple,3
4,R_2Xp2RDmxR1aa2DY,an apple,4
3,R_1OxIRypHy2GHyfy,an apple,1
4,R_3EHd2XwtQFFhHgd,an apple,1
9,R_1n0JwmUrJ2Nnxlb,an apple,3
3,R_2CepCHVDEKZy4Dw,an apple,1
7,R_9pJszzAogLdUhVL,an apple,3
3,R_2ARnVeYevtVN5ZN,an apple,1
3,R_2Y3UAbs88BX2lbJ,an apple,1
7,R_1LimYCRh7COJoxO,an apple,4
3,R_1EYbCYd95yxc6cA,an apple,1
8,R_27q8HA5iTj8MJ8L,an apple,2
3,R_1jVAe2AL4LCWqJg,an apple,2
6,R_eM2x5BdhWPqKGB3,an apple,1
3,R_3j9HJbkBrEQYPJY,an apple,1
9,R_29p76St8e8HAXqk,an apple,2
6,R_01zhARIbhgNAUZr,an apple,2
3,R_1LUNYpVRS1X6VE5,an apple,1
4,R_3si8pgkUnJyGBW6,an apple,4
6,R_1kOoSGsZYQ2Y6fE,an apple,1
9,R_2TQTz8Yxu8zNlSi,an apple,4
6,R_1GWxBMbZunxtYL4,an apple,1
5,R_xtGPyL98hHU0JKV,an apple,1
5,R_9yLZ3SAHkFVFwhH,an apple,2
5,R_PBvXw2hc7xtn3zP,an apple,1
2,R_3HqqGVlrhrZ6rt3,an apple,1
6,R_TiLhKAC5h15j3cB,an apple,2
4,R_1JFlndlE0dEtWUS,an apple,3
10,R_5szVFoyNO6O1wiZ,an apple,1
6,R_3ELmuTGe6sfdQUh,an apple,2
8,R_1kOg8DdxQL7bxcn,an apple,3
6,R_2fs4bByv38E4UJv,an apple,3
7,R_uyxIoOJAwOPGVgd,an apple,3
9,R_2bZyNXHwQ6UkDO8,an apple,1
6,R_1Lv2WZLUlVIfNuK,an apple,3
5,R_2c6MQdA38IH0nVM,an apple,3
3,R_3et8yFlpDIjgJ2M,an apple,2
4,R_yWmBiU5Ruql1N6N,an apple,1
4,R_22XQpedTwJiOEk1,an apple,1
8,R_tG4R7fTti1iEERX,an apple,2
4,R_2ZKSuUPKm4kLzjA,an apple,1
7,R_2CpMgusmidE8tCx,an apple,4
6,R_33r9gLd6qAc4mx3,an apple,2
6,R_1OJD31Pkio2KnDk,an apple,3
5,R_0DHlRrTBJyUPVxD,an apple,3
6,R_pQMnmdW9IxpfNxT,an apple,2
7,R_2TS1O7AXpM8Fc3M,an apple,2
6,R_3fWcTCLJWBkuEYW,an apple,3
9,R_1ClJWdimptEk3mh,an apple,4
4,R_1FbP3tFJCrAQEDD,an ice cream,5
4,R_29bnfATbJLAoC55,an ice cream,2
7,R_Cmog5boCguFbWtb,an ice cream,2
4,R_2Xp2RDmxR1aa2DY,an ice cream,4
3,R_1OxIRypHy2GHyfy,an ice cream,1
4,R_3EHd2XwtQFFhHgd,an ice cream,1
9,R_1n0JwmUrJ2Nnxlb,an ice cream,3
3,R_2CepCHVDEKZy4Dw,an ice cream,1
7,R_9pJszzAogLdUhVL,an ice cream,3
3,R_2ARnVeYevtVN5ZN,an ice cream,1
3,R_2Y3UAbs88BX2lbJ,an ice cream,1
7,R_1LimYCRh7COJoxO,an ice cream,3
3,R_1EYbCYd95yxc6cA,an ice cream,1
8,R_27q8HA5iTj8MJ8L,an ice cream,4
3,R_1jVAe2AL4LCWqJg,an ice cream,3
6,R_eM2x5BdhWPqKGB3,an ice cream,2
3,R_3j9HJbkBrEQYPJY,an ice cream,1
9,R_29p76St8e8HAXqk,an ice cream,3
6,R_01zhARIbhgNAUZr,an ice cream,3
3,R_1LUNYpVRS1X6VE5,an ice cream,4
4,R_3si8pgkUnJyGBW6,an ice cream,1
6,R_1kOoSGsZYQ2Y6fE,an ice cream,1
9,R_2TQTz8Yxu8zNlSi,an ice cream,3
6,R_1GWxBMbZunxtYL4,an ice cream,2
5,R_xtGPyL98hHU0JKV,an ice cream,1
5,R_9yLZ3SAHkFVFwhH,an ice cream,2
5,R_PBvXw2hc7xtn3zP,an ice cream,2
2,R_3HqqGVlrhrZ6rt3,an ice cream,1
6,R_TiLhKAC5h15j3cB,an ice cream,2
4,R_1JFlndlE0dEtWUS,an ice cream,1
10,R_5szVFoyNO6O1wiZ,an ice cream,2
6,R_3ELmuTGe6sfdQUh,an ice cream,2
8,R_1kOg8DdxQL7bxcn,an ice cream,3
6,R_2fs4bByv38E4UJv,an ice cream,3
7,R_uyxIoOJAwOPGVgd,an ice cream,4
9,R_2bZyNXHwQ6UkDO8,an ice cream,2
6,R_1Lv2WZLUlVIfNuK,an ice cream,3
5,R_2c6MQdA38IH0nVM,an ice cream,3
3,R_3et8yFlpDIjgJ2M,an ice cream,1
4,R_yWmBiU5Ruql1N6N,an ice cream,2
4,R_22XQpedTwJiOEk1,an ice cream,1
8,R_tG4R7fTti1iEERX,an ice cream,3
4,R_2ZKSuUPKm4kLzjA,an ice cream,3
7,R_2CpMgusmidE8tCx,an ice cream,1
6,R_33r9gLd6qAc4mx3,an ice cream,4
6,R_1OJD31Pkio2KnDk,an ice cream,3
5,R_0DHlRrTBJyUPVxD,an ice cream,2
6,R_pQMnmdW9IxpfNxT,an ice cream,3
7,R_2TS1O7AXpM8Fc3M,an ice cream,4
6,R_3fWcTCLJWBkuEYW,an ice cream,1
9,R_1ClJWdimptEk3mh,an ice cream,4
4,R_1FbP3tFJCrAQEDD,a clock,5
4,R_29bnfATbJLAoC55,a clock,1
7,R_Cmog5boCguFbWtb,a clock,3
4,R_2Xp2RDmxR1aa2DY,a clock,2
3,R_1OxIRypHy2GHyfy,a clock,2
4,R_3EHd2XwtQFFhHgd,a clock,1
9,R_1n0JwmUrJ2Nnxlb,a clock,3
3,R_2CepCHVDEKZy4Dw,a clock,1
7,R_9pJszzAogLdUhVL,a clock,2
3,R_2ARnVeYevtVN5ZN,a clock,1
3,R_2Y3UAbs88BX2lbJ,a clock,1
7,R_1LimYCRh7COJoxO,a clock,3
3,R_1EYbCYd95yxc6cA,a clock,1
8,R_27q8HA5iTj8MJ8L,a clock,3
3,R_1jVAe2AL4LCWqJg,a clock,2
6,R_eM2x5BdhWPqKGB3,a clock,1
3,R_3j9HJbkBrEQYPJY,a clock,1
9,R_29p76St8e8HAXqk,a clock,4
6,R_01zhARIbhgNAUZr,a clock,1
3,R_1LUNYpVRS1X6VE5,a clock,1
4,R_3si8pgkUnJyGBW6,a clock,4
6,R_1kOoSGsZYQ2Y6fE,a clock,1
9,R_2TQTz8Yxu8zNlSi,a clock,2
6,R_1GWxBMbZunxtYL4,a clock,1
5,R_xtGPyL98hHU0JKV,a clock,1
5,R_9yLZ3SAHkFVFwhH,a clock,2
5,R_PBvXw2hc7xtn3zP,a clock,2
2,R_3HqqGVlrhrZ6rt3,a clock,2
6,R_TiLhKAC5h15j3cB,a clock,2
4,R_1JFlndlE0dEtWUS,a clock,3
10,R_5szVFoyNO6O1wiZ,a clock,3
6,R_3ELmuTGe6sfdQUh,a clock,3
8,R_1kOg8DdxQL7bxcn,a clock,2
6,R_2fs4bByv38E4UJv,a clock,2
7,R_uyxIoOJAwOPGVgd,a clock,3
9,R_2bZyNXHwQ6UkDO8,a clock,2
6,R_1Lv2WZLUlVIfNuK,a clock,2
5,R_2c6MQdA38IH0nVM,a clock,3
3,R_3et8yFlpDIjgJ2M,a clock,4
4,R_yWmBiU5Ruql1N6N,a clock,1
4,R_22XQpedTwJiOEk1,a clock,1
8,R_tG4R7fTti1iEERX,a clock,3
4,R_2ZKSuUPKm4kLzjA,a clock,3
7,R_2CpMgusmidE8tCx,a clock,1
6,R_33r9gLd6qAc4mx3,a clock,2
6,R_1OJD31Pkio2KnDk,a clock,3
5,R_0DHlRrTBJyUPVxD,a clock,1
6,R_pQMnmdW9IxpfNxT,a clock,1
7,R_2TS1O7AXpM8Fc3M,a clock,2
6,R_3fWcTCLJWBkuEYW,a clock,4
9,R_1ClJWdimptEk3mh,a clock,2
4,R_1FbP3tFJCrAQEDD,a mushroom,5
4,R_29bnfATbJLAoC55,a mushroom,2
7,R_Cmog5boCguFbWtb,a mushroom,1
4,R_2Xp2RDmxR1aa2DY,a mushroom,2
3,R_1OxIRypHy2GHyfy,a mushroom,1
4,R_3EHd2XwtQFFhHgd,a mushroom,1
9,R_1n0JwmUrJ2Nnxlb,a mushroom,1
3,R_2CepCHVDEKZy4Dw,a mushroom,1
7,R_9pJszzAogLdUhVL,a mushroom,4
3,R_2ARnVeYevtVN5ZN,a mushroom,1
3,R_2Y3UAbs88BX2lbJ,a mushroom,1
7,R_1LimYCRh7COJoxO,a mushroom,1
3,R_1EYbCYd95yxc6cA,a mushroom,1
8,R_27q8HA5iTj8MJ8L,a mushroom,1
3,R_1jVAe2AL4LCWqJg,a mushroom,1
6,R_eM2x5BdhWPqKGB3,a mushroom,1
3,R_3j9HJbkBrEQYPJY,a mushroom,1
9,R_29p76St8e8HAXqk,a mushroom,1
6,R_01zhARIbhgNAUZr,a mushroom,1
3,R_1LUNYpVRS1X6VE5,a mushroom,1
4,R_3si8pgkUnJyGBW6,a mushroom,3
6,R_1kOoSGsZYQ2Y6fE,a mushroom,1
9,R_2TQTz8Yxu8zNlSi,a mushroom,1
6,R_1GWxBMbZunxtYL4,a mushroom,1
5,R_xtGPyL98hHU0JKV,a mushroom,1
5,R_9yLZ3SAHkFVFwhH,a mushroom,1
5,R_PBvXw2hc7xtn3zP,a mushroom,1
2,R_3HqqGVlrhrZ6rt3,a mushroom,1
6,R_TiLhKAC5h15j3cB,a mushroom,1
4,R_1JFlndlE0dEtWUS,a mushroom,1
10,R_5szVFoyNO6O1wiZ,a mushroom,1
6,R_3ELmuTGe6sfdQUh,a mushroom,2
8,R_1kOg8DdxQL7bxcn,a mushroom,2
6,R_2fs4bByv38E4UJv,a mushroom,1
7,R_uyxIoOJAwOPGVgd,a mushroom,2
9,R_2bZyNXHwQ6UkDO8,a mushroom,1
6,R_1Lv2WZLUlVIfNuK,a mushroom,1
5,R_2c6MQdA38IH0nVM,a mushroom,1
3,R_3et8yFlpDIjgJ2M,a mushroom,1
4,R_yWmBiU5Ruql1N6N,a mushroom,1
4,R_22XQpedTwJiOEk1,a mushroom,1
8,R_tG4R7fTti1iEERX,a mushroom,1
4,R_2ZKSuUPKm4kLzjA,a mushroom,1
7,R_2CpMgusmidE8tCx,a mushroom,1
6,R_33r9gLd6qAc4mx3,a mushroom,1
6,R_1OJD31Pkio2KnDk,a mushroom,1
5,R_0DHlRrTBJyUPVxD,a mushroom,2
6,R_pQMnmdW9IxpfNxT,a mushroom,1
7,R_2TS1O7AXpM8Fc3M,a mushroom,1
6,R_3fWcTCLJWBkuEYW,a mushroom,1
9,R_1ClJWdimptEk3mh,a mushroom,2
4,R_1FbP3tFJCrAQEDD,a bike,5
4,R_29bnfATbJLAoC55,a bike,4
7,R_Cmog5boCguFbWtb,a bike,3
4,R_2Xp2RDmxR1aa2DY,a bike,3
3,R_1OxIRypHy2GHyfy,a bike,1
4,R_3EHd2XwtQFFhHgd,a bike,1
9,R_1n0JwmUrJ2Nnxlb,a bike,2
3,R_2CepCHVDEKZy4Dw,a bike,1
7,R_9pJszzAogLdUhVL,a bike,3
3,R_2ARnVeYevtVN5ZN,a bike,1
3,R_2Y3UAbs88BX2lbJ,a bike,1
7,R_1LimYCRh7COJoxO,a bike,2
3,R_1EYbCYd95yxc6cA,a bike,1
8,R_27q8HA5iTj8MJ8L,a bike,3
3,R_1jVAe2AL4LCWqJg,a bike,2
6,R_eM2x5BdhWPqKGB3,a bike,1
3,R_3j9HJbkBrEQYPJY,a bike,2
9,R_29p76St8e8HAXqk,a bike,3
6,R_01zhARIbhgNAUZr,a bike,1
3,R_1LUNYpVRS1X6VE5,a bike,1
4,R_3si8pgkUnJyGBW6,a bike,2
6,R_1kOoSGsZYQ2Y6fE,a bike,1
9,R_2TQTz8Yxu8zNlSi,a bike,4
6,R_1GWxBMbZunxtYL4,a bike,3
5,R_xtGPyL98hHU0JKV,a bike,1
5,R_9yLZ3SAHkFVFwhH,a bike,1
5,R_PBvXw2hc7xtn3zP,a bike,1
2,R_3HqqGVlrhrZ6rt3,a bike,2
6,R_TiLhKAC5h15j3cB,a bike,3
4,R_1JFlndlE0dEtWUS,a bike,3
10,R_5szVFoyNO6O1wiZ,a bike,1
6,R_3ELmuTGe6sfdQUh,a bike,4
8,R_1kOg8DdxQL7bxcn,a bike,1
6,R_2fs4bByv38E4UJv,a bike,2
7,R_uyxIoOJAwOPGVgd,a bike,3
9,R_2bZyNXHwQ6UkDO8,a bike,2
6,R_1Lv2WZLUlVIfNuK,a bike,2
5,R_2c6MQdA38IH0nVM,a bike,3
3,R_3et8yFlpDIjgJ2M,a bike,4
4,R_yWmBiU5Ruql1N6N,a bike,2
4,R_22XQpedTwJiOEk1,a bike,3
8,R_tG4R7fTti1iEERX,a bike,3
4,R_2ZKSuUPKm4kLzjA,a bike,1
7,R_2CpMgusmidE8tCx,a bike,2
6,R_33r9gLd6qAc4mx3,a bike,3
6,R_1OJD31Pkio2KnDk,a bike,3
5,R_0DHlRrTBJyUPVxD,a bike,1
6,R_pQMnmdW9IxpfNxT,a bike,4
7,R_2TS1O7AXpM8Fc3M,a bike,3
6,R_3fWcTCLJWBkuEYW,a bike,3
9,R_1ClJWdimptEk3mh,a bike,4
4,R_1FbP3tFJCrAQEDD,an airplane,5
4,R_29bnfATbJLAoC55,an airplane,2
7,R_Cmog5boCguFbWtb,an airplane,2
4,R_2Xp2RDmxR1aa2DY,an airplane,2
3,R_1OxIRypHy2GHyfy,an airplane,1
4,R_3EHd2XwtQFFhHgd,an airplane,2
9,R_1n0JwmUrJ2Nnxlb,an airplane,2
3,R_2CepCHVDEKZy4Dw,an airplane,1
7,R_9pJszzAogLdUhVL,an airplane,2
3,R_2ARnVeYevtVN5ZN,an airplane,4
3,R_2Y3UAbs88BX2lbJ,an airplane,1
7,R_1LimYCRh7COJoxO,an airplane,1
3,R_1EYbCYd95yxc6cA,an airplane,3
8,R_27q8HA5iTj8MJ8L,an airplane,2
3,R_1jVAe2AL4LCWqJg,an airplane,3
6,R_eM2x5BdhWPqKGB3,an airplane,1
3,R_3j9HJbkBrEQYPJY,an airplane,2
9,R_29p76St8e8HAXqk,an airplane,3
6,R_01zhARIbhgNAUZr,an airplane,1
3,R_1LUNYpVRS1X6VE5,an airplane,3
4,R_3si8pgkUnJyGBW6,an airplane,3
6,R_1kOoSGsZYQ2Y6fE,an airplane,1
9,R_2TQTz8Yxu8zNlSi,an airplane,4
6,R_1GWxBMbZunxtYL4,an airplane,3
5,R_xtGPyL98hHU0JKV,an airplane,2
5,R_9yLZ3SAHkFVFwhH,an airplane,2
5,R_PBvXw2hc7xtn3zP,an airplane,1
2,R_3HqqGVlrhrZ6rt3,an airplane,1
6,R_TiLhKAC5h15j3cB,an airplane,2
4,R_1JFlndlE0dEtWUS,an airplane,1
10,R_5szVFoyNO6O1wiZ,an airplane,2
6,R_3ELmuTGe6sfdQUh,an airplane,4
8,R_1kOg8DdxQL7bxcn,an airplane,1
6,R_2fs4bByv38E4UJv,an airplane,2
7,R_uyxIoOJAwOPGVgd,an airplane,3
9,R_2bZyNXHwQ6UkDO8,an airplane,3
6,R_1Lv2WZLUlVIfNuK,an airplane,4
5,R_2c6MQdA38IH0nVM,an airplane,3
3,R_3et8yFlpDIjgJ2M,an airplane,3
4,R_yWmBiU5Ruql1N6N,an airplane,2
4,R_22XQpedTwJiOEk1,an airplane,1
8,R_tG4R7fTti1iEERX,an airplane,2
4,R_2ZKSuUPKm4kLzjA,an airplane,3
7,R_2CpMgusmidE8tCx,an airplane,3
6,R_33r9gLd6qAc4mx3,an airplane,1
6,R_1OJD31Pkio2KnDk,an airplane,1
5,R_0DHlRrTBJyUPVxD,an airplane,3
6,R_pQMnmdW9IxpfNxT,an airplane,2
7,R_2TS1O7AXpM8Fc3M,an airplane,4
6,R_3fWcTCLJWBkuEYW,an airplane,1
9,R_1ClJWdimptEk3mh,an airplane,5
4,R_1FbP3tFJCrAQEDD,a bird,5
4,R_29bnfATbJLAoC55,a bird,3
7,R_Cmog5boCguFbWtb,a bird,4
4,R_2Xp2RDmxR1aa2DY,a bird,3
3,R_1OxIRypHy2GHyfy,a bird,1
4,R_3EHd2XwtQFFhHgd,a bird,2
9,R_1n0JwmUrJ2Nnxlb,a bird,3
3,R_2CepCHVDEKZy4Dw,a bird,2
7,R_9pJszzAogLdUhVL,a bird,4
3,R_2ARnVeYevtVN5ZN,a bird,1
3,R_2Y3UAbs88BX2lbJ,a bird,1
7,R_1LimYCRh7COJoxO,a bird,3
3,R_1EYbCYd95yxc6cA,a bird,1
8,R_27q8HA5iTj8MJ8L,a bird,2
3,R_1jVAe2AL4LCWqJg,a bird,3
6,R_eM2x5BdhWPqKGB3,a bird,2
3,R_3j9HJbkBrEQYPJY,a bird,1
9,R_29p76St8e8HAXqk,a bird,2
6,R_01zhARIbhgNAUZr,a bird,1
3,R_1LUNYpVRS1X6VE5,a bird,1
4,R_3si8pgkUnJyGBW6,a bird,3
6,R_1kOoSGsZYQ2Y6fE,a bird,1
9,R_2TQTz8Yxu8zNlSi,a bird,3
6,R_1GWxBMbZunxtYL4,a bird,4
5,R_xtGPyL98hHU0JKV,a bird,3
5,R_9yLZ3SAHkFVFwhH,a bird,3
5,R_PBvXw2hc7xtn3zP,a bird,3
2,R_3HqqGVlrhrZ6rt3,a bird,1
6,R_TiLhKAC5h15j3cB,a bird,4
4,R_1JFlndlE0dEtWUS,a bird,3
10,R_5szVFoyNO6O1wiZ,a bird,2
6,R_3ELmuTGe6sfdQUh,a bird,4
8,R_1kOg8DdxQL7bxcn,a bird,3
6,R_2fs4bByv38E4UJv,a bird,3
7,R_uyxIoOJAwOPGVgd,a bird,3
9,R_2bZyNXHwQ6UkDO8,a bird,2
6,R_1Lv2WZLUlVIfNuK,a bird,4
5,R_2c6MQdA38IH0nVM,a bird,3
3,R_3et8yFlpDIjgJ2M,a bird,4
4,R_yWmBiU5Ruql1N6N,a bird,4
4,R_22XQpedTwJiOEk1,a bird,3
8,R_tG4R7fTti1iEERX,a bird,3
4,R_2ZKSuUPKm4kLzjA,a bird,3
7,R_2CpMgusmidE8tCx,a bird,1
6,R_33r9gLd6qAc4mx3,a bird,4
6,R_1OJD31Pkio2KnDk,a bird,1
5,R_0DHlRrTBJyUPVxD,a bird,4
6,R_pQMnmdW9IxpfNxT,a bird,2
7,R_2TS1O7AXpM8Fc3M,a bird,3
6,R_3fWcTCLJWBkuEYW,a bird,3
9,R_1ClJWdimptEk3mh,a bird,2
4,R_1FbP3tFJCrAQEDD,a cat,5
4,R_29bnfATbJLAoC55,a cat,2
7,R_Cmog5boCguFbWtb,a cat,4
4,R_2Xp2RDmxR1aa2DY,a cat,3
3,R_1OxIRypHy2GHyfy,a cat,1
4,R_3EHd2XwtQFFhHgd,a cat,2
9,R_1n0JwmUrJ2Nnxlb,a cat,2
3,R_2CepCHVDEKZy4Dw,a cat,1
7,R_9pJszzAogLdUhVL,a cat,4
3,R_2ARnVeYevtVN5ZN,a cat,2
3,R_2Y3UAbs88BX2lbJ,a cat,1
7,R_1LimYCRh7COJoxO,a cat,2
3,R_1EYbCYd95yxc6cA,a cat,2
8,R_27q8HA5iTj8MJ8L,a cat,4
3,R_1jVAe2AL4LCWqJg,a cat,4
6,R_eM2x5BdhWPqKGB3,a cat,2
3,R_3j9HJbkBrEQYPJY,a cat,2
9,R_29p76St8e8HAXqk,a cat,2
6,R_01zhARIbhgNAUZr,a cat,1
3,R_1LUNYpVRS1X6VE5,a cat,4
4,R_3si8pgkUnJyGBW6,a cat,4
6,R_1kOoSGsZYQ2Y6fE,a cat,1
9,R_2TQTz8Yxu8zNlSi,a cat,4
6,R_1GWxBMbZunxtYL4,a cat,3
5,R_xtGPyL98hHU0JKV,a cat,2
5,R_9yLZ3SAHkFVFwhH,a cat,4
5,R_PBvXw2hc7xtn3zP,a cat,2
2,R_3HqqGVlrhrZ6rt3,a cat,1
6,R_TiLhKAC5h15j3cB,a cat,3
4,R_1JFlndlE0dEtWUS,a cat,4
10,R_5szVFoyNO6O1wiZ,a cat,4
6,R_3ELmuTGe6sfdQUh,a cat,3
8,R_1kOg8DdxQL7bxcn,a cat,4
6,R_2fs4bByv38E4UJv,a cat,3
7,R_uyxIoOJAwOPGVgd,a cat,4
9,R_2bZyNXHwQ6UkDO8,a cat,3
6,R_1Lv2WZLUlVIfNuK,a cat,3
5,R_2c6MQdA38IH0nVM,a cat,4
3,R_3et8yFlpDIjgJ2M,a cat,2
4,R_yWmBiU5Ruql1N6N,a cat,3
4,R_22XQpedTwJiOEk1,a cat,4
8,R_tG4R7fTti1iEERX,a cat,2
4,R_2ZKSuUPKm4kLzjA,a cat,2
7,R_2CpMgusmidE8tCx,a cat,5
6,R_33r9gLd6qAc4mx3,a cat,5
6,R_1OJD31Pkio2KnDk,a cat,1
5,R_0DHlRrTBJyUPVxD,a cat,3
6,R_pQMnmdW9IxpfNxT,a cat,4
7,R_2TS1O7AXpM8Fc3M,a cat,3
6,R_3fWcTCLJWBkuEYW,a cat,1
9,R_1ClJWdimptEk3mh,a cat,3
4,R_1FbP3tFJCrAQEDD,a rabbit,5
4,R_29bnfATbJLAoC55,a rabbit,2
7,R_Cmog5boCguFbWtb,a rabbit,2
4,R_2Xp2RDmxR1aa2DY,a rabbit,2
3,R_1OxIRypHy2GHyfy,a rabbit,1
4,R_3EHd2XwtQFFhHgd,a rabbit,3
9,R_1n0JwmUrJ2Nnxlb,a rabbit,3
3,R_2CepCHVDEKZy4Dw,a rabbit,1
7,R_9pJszzAogLdUhVL,a rabbit,4
3,R_2ARnVeYevtVN5ZN,a rabbit,1
3,R_2Y3UAbs88BX2lbJ,a rabbit,1
7,R_1LimYCRh7COJoxO,a rabbit,2
3,R_1EYbCYd95yxc6cA,a rabbit,1
8,R_27q8HA5iTj8MJ8L,a rabbit,2
3,R_1jVAe2AL4LCWqJg,a rabbit,3
6,R_eM2x5BdhWPqKGB3,a rabbit,1
3,R_3j9HJbkBrEQYPJY,a rabbit,1
9,R_29p76St8e8HAXqk,a rabbit,3
6,R_01zhARIbhgNAUZr,a rabbit,1
3,R_1LUNYpVRS1X6VE5,a rabbit,1
4,R_3si8pgkUnJyGBW6,a rabbit,1
6,R_1kOoSGsZYQ2Y6fE,a rabbit,1
9,R_2TQTz8Yxu8zNlSi,a rabbit,2
6,R_1GWxBMbZunxtYL4,a rabbit,2
5,R_xtGPyL98hHU0JKV,a rabbit,1
5,R_9yLZ3SAHkFVFwhH,a rabbit,2
5,R_PBvXw2hc7xtn3zP,a rabbit,1
2,R_3HqqGVlrhrZ6rt3,a rabbit,1
6,R_TiLhKAC5h15j3cB,a rabbit,1
4,R_1JFlndlE0dEtWUS,a rabbit,2
10,R_5szVFoyNO6O1wiZ,a rabbit,1
6,R_3ELmuTGe6sfdQUh,a rabbit,2
8,R_1kOg8DdxQL7bxcn,a rabbit,3
6,R_2fs4bByv38E4UJv,a rabbit,3
7,R_uyxIoOJAwOPGVgd,a rabbit,3
9,R_2bZyNXHwQ6UkDO8,a rabbit,3
6,R_1Lv2WZLUlVIfNuK,a rabbit,2
5,R_2c6MQdA38IH0nVM,a rabbit,5
3,R_3et8yFlpDIjgJ2M,a rabbit,1
4,R_yWmBiU5Ruql1N6N,a rabbit,2
4,R_22XQpedTwJiOEk1,a rabbit,4
8,R_tG4R7fTti1iEERX,a rabbit,2
4,R_2ZKSuUPKm4kLzjA,a rabbit,1
7,R_2CpMgusmidE8tCx,a rabbit,1
6,R_33r9gLd6qAc4mx3,a rabbit,4
6,R_1OJD31Pkio2KnDk,a rabbit,3
5,R_0DHlRrTBJyUPVxD,a rabbit,3
6,R_pQMnmdW9IxpfNxT,a rabbit,2
7,R_2TS1O7AXpM8Fc3M,a rabbit,3
6,R_3fWcTCLJWBkuEYW,a rabbit,4
9,R_1ClJWdimptEk3mh,a rabbit,3
4,R_1FbP3tFJCrAQEDD,a face,5
4,R_29bnfATbJLAoC55,a face,5
7,R_Cmog5boCguFbWtb,a face,5
4,R_2Xp2RDmxR1aa2DY,a face,5
3,R_1OxIRypHy2GHyfy,a face,3
4,R_3EHd2XwtQFFhHgd,a face,4
9,R_1n0JwmUrJ2Nnxlb,a face,4
3,R_2CepCHVDEKZy4Dw,a face,4
7,R_9pJszzAogLdUhVL,a face,5
3,R_2ARnVeYevtVN5ZN,a face,2
3,R_2Y3UAbs88BX2lbJ,a face,1
7,R_1LimYCRh7COJoxO,a face,4
3,R_1EYbCYd95yxc6cA,a face,5
8,R_27q8HA5iTj8MJ8L,a face,4
3,R_1jVAe2AL4LCWqJg,a face,5
6,R_eM2x5BdhWPqKGB3,a face,5
3,R_3j9HJbkBrEQYPJY,a face,3
9,R_29p76St8e8HAXqk,a face,5
6,R_01zhARIbhgNAUZr,a face,3
3,R_1LUNYpVRS1X6VE5,a face,4
4,R_3si8pgkUnJyGBW6,a face,2
6,R_1kOoSGsZYQ2Y6fE,a face,4
9,R_2TQTz8Yxu8zNlSi,a face,4
6,R_1GWxBMbZunxtYL4,a face,5
5,R_xtGPyL98hHU0JKV,a face,4
5,R_9yLZ3SAHkFVFwhH,a face,5
5,R_PBvXw2hc7xtn3zP,a face,4
2,R_3HqqGVlrhrZ6rt3,a face,2
6,R_TiLhKAC5h15j3cB,a face,5
4,R_1JFlndlE0dEtWUS,a face,5
10,R_5szVFoyNO6O1wiZ,a face,5
6,R_3ELmuTGe6sfdQUh,a face,4
8,R_1kOg8DdxQL7bxcn,a face,4
6,R_2fs4bByv38E4UJv,a face,4
7,R_uyxIoOJAwOPGVgd,a face,5
9,R_2bZyNXHwQ6UkDO8,a face,5
6,R_1Lv2WZLUlVIfNuK,a face,5
5,R_2c6MQdA38IH0nVM,a face,4
3,R_3et8yFlpDIjgJ2M,a face,1
4,R_yWmBiU5Ruql1N6N,a face,4
4,R_22XQpedTwJiOEk1,a face,5
8,R_tG4R7fTti1iEERX,a face,4
4,R_2ZKSuUPKm4kLzjA,a face,4
7,R_2CpMgusmidE8tCx,a face,3
6,R_33r9gLd6qAc4mx3,a face,5
6,R_1OJD31Pkio2KnDk,a face,2
5,R_0DHlRrTBJyUPVxD,a face,5
6,R_pQMnmdW9IxpfNxT,a face,4
7,R_2TS1O7AXpM8Fc3M,a face,5
6,R_3fWcTCLJWBkuEYW,a face,5
9,R_1ClJWdimptEk3mh,a face,4
4,R_1FbP3tFJCrAQEDD,a hand,5
4,R_29bnfATbJLAoC55,a hand,5
7,R_Cmog5boCguFbWtb,a hand,3
4,R_2Xp2RDmxR1aa2DY,a hand,4
3,R_1OxIRypHy2GHyfy,a hand,2
4,R_3EHd2XwtQFFhHgd,a hand,1
9,R_1n0JwmUrJ2Nnxlb,a hand,3
3,R_2CepCHVDEKZy4Dw,a hand,3
7,R_9pJszzAogLdUhVL,a hand,1
3,R_2ARnVeYevtVN5ZN,a hand,2
3,R_2Y3UAbs88BX2lbJ,a hand,1
7,R_1LimYCRh7COJoxO,a hand,2
3,R_1EYbCYd95yxc6cA,a hand,4
8,R_27q8HA5iTj8MJ8L,a hand,2
3,R_1jVAe2AL4LCWqJg,a hand,3
6,R_eM2x5BdhWPqKGB3,a hand,3
3,R_3j9HJbkBrEQYPJY,a hand,1
9,R_29p76St8e8HAXqk,a hand,3
6,R_01zhARIbhgNAUZr,a hand,2
3,R_1LUNYpVRS1X6VE5,a hand,1
4,R_3si8pgkUnJyGBW6,a hand,3
6,R_1kOoSGsZYQ2Y6fE,a hand,4
9,R_2TQTz8Yxu8zNlSi,a hand,4
6,R_1GWxBMbZunxtYL4,a hand,4
5,R_xtGPyL98hHU0JKV,a hand,1
5,R_9yLZ3SAHkFVFwhH,a hand,4
5,R_PBvXw2hc7xtn3zP,a hand,4
2,R_3HqqGVlrhrZ6rt3,a hand,3
6,R_TiLhKAC5h15j3cB,a hand,3
4,R_1JFlndlE0dEtWUS,a hand,3
10,R_5szVFoyNO6O1wiZ,a hand,2
6,R_3ELmuTGe6sfdQUh,a hand,3
8,R_1kOg8DdxQL7bxcn,a hand,4
6,R_2fs4bByv38E4UJv,a hand,3
7,R_uyxIoOJAwOPGVgd,a hand,3
9,R_2bZyNXHwQ6UkDO8,a hand,3
6,R_1Lv2WZLUlVIfNuK,a hand,4
5,R_2c6MQdA38IH0nVM,a hand,3
3,R_3et8yFlpDIjgJ2M,a hand,1
4,R_yWmBiU5Ruql1N6N,a hand,3
4,R_22XQpedTwJiOEk1,a hand,4
8,R_tG4R7fTti1iEERX,a hand,4
4,R_2ZKSuUPKm4kLzjA,a hand,3
7,R_2CpMgusmidE8tCx,a hand,3
6,R_33r9gLd6qAc4mx3,a hand,5
6,R_1OJD31Pkio2KnDk,a hand,1
5,R_0DHlRrTBJyUPVxD,a hand,4
6,R_pQMnmdW9IxpfNxT,a hand,3
7,R_2TS1O7AXpM8Fc3M,a hand,3
6,R_3fWcTCLJWBkuEYW,a hand,4
9,R_1ClJWdimptEk3mh,a hand,1
4,R_1FbP3tFJCrAQEDD,a horse,5
4,R_29bnfATbJLAoC55,a horse,1
7,R_Cmog5boCguFbWtb,a horse,4
4,R_2Xp2RDmxR1aa2DY,a horse,2
3,R_1OxIRypHy2GHyfy,a horse,1
4,R_3EHd2XwtQFFhHgd,a horse,1
9,R_1n0JwmUrJ2Nnxlb,a horse,2
3,R_2CepCHVDEKZy4Dw,a horse,1
7,R_9pJszzAogLdUhVL,a horse,2
3,R_2ARnVeYevtVN5ZN,a horse,1
3,R_2Y3UAbs88BX2lbJ,a horse,1
7,R_1LimYCRh7COJoxO,a horse,3
3,R_1EYbCYd95yxc6cA,a horse,1
8,R_27q8HA5iTj8MJ8L,a horse,2
3,R_1jVAe2AL4LCWqJg,a horse,2
6,R_eM2x5BdhWPqKGB3,a horse,1
3,R_3j9HJbkBrEQYPJY,a horse,1
9,R_29p76St8e8HAXqk,a horse,2
6,R_01zhARIbhgNAUZr,a horse,2
3,R_1LUNYpVRS1X6VE5,a horse,2
4,R_3si8pgkUnJyGBW6,a horse,3
6,R_1kOoSGsZYQ2Y6fE,a horse,2
9,R_2TQTz8Yxu8zNlSi,a horse,2
6,R_1GWxBMbZunxtYL4,a horse,2
5,R_xtGPyL98hHU0JKV,a horse,1
5,R_9yLZ3SAHkFVFwhH,a horse,2
5,R_PBvXw2hc7xtn3zP,a horse,2
2,R_3HqqGVlrhrZ6rt3,a horse,1
6,R_TiLhKAC5h15j3cB,a horse,3
4,R_1JFlndlE0dEtWUS,a horse,3
10,R_5szVFoyNO6O1wiZ,a horse,2
6,R_3ELmuTGe6sfdQUh,a horse,3
8,R_1kOg8DdxQL7bxcn,a horse,2
6,R_2fs4bByv38E4UJv,a horse,2
7,R_uyxIoOJAwOPGVgd,a horse,3
9,R_2bZyNXHwQ6UkDO8,a horse,2
6,R_1Lv2WZLUlVIfNuK,a horse,2
5,R_2c6MQdA38IH0nVM,a horse,2
3,R_3et8yFlpDIjgJ2M,a horse,1
4,R_yWmBiU5Ruql1N6N,a horse,3
4,R_22XQpedTwJiOEk1,a horse,1
8,R_tG4R7fTti1iEERX,a horse,3
4,R_2ZKSuUPKm4kLzjA,a horse,1
7,R_2CpMgusmidE8tCx,a horse,1
6,R_33r9gLd6qAc4mx3,a horse,4
6,R_1OJD31Pkio2KnDk,a horse,1
5,R_0DHlRrTBJyUPVxD,a horse,3
6,R_pQMnmdW9IxpfNxT,a horse,3
7,R_2TS1O7AXpM8Fc3M,a horse,2
6,R_3fWcTCLJWBkuEYW,a horse,1
9,R_1ClJWdimptEk3mh,a horse,1
4,R_1FbP3tFJCrAQEDD,a person,5
4,R_29bnfATbJLAoC55,a person,4
7,R_Cmog5boCguFbWtb,a person,4
4,R_2Xp2RDmxR1aa2DY,a person,5
3,R_1OxIRypHy2GHyfy,a person,3
4,R_3EHd2XwtQFFhHgd,a person,2
9,R_1n0JwmUrJ2Nnxlb,a person,4
3,R_2CepCHVDEKZy4Dw,a person,4
7,R_9pJszzAogLdUhVL,a person,5
3,R_2ARnVeYevtVN5ZN,a person,4
3,R_2Y3UAbs88BX2lbJ,a person,4
7,R_1LimYCRh7COJoxO,a person,3
3,R_1EYbCYd95yxc6cA,a person,5
8,R_27q8HA5iTj8MJ8L,a person,4
3,R_1jVAe2AL4LCWqJg,a person,5
6,R_eM2x5BdhWPqKGB3,a person,5
3,R_3j9HJbkBrEQYPJY,a person,1
9,R_29p76St8e8HAXqk,a person,5
6,R_01zhARIbhgNAUZr,a person,4
3,R_1LUNYpVRS1X6VE5,a person,4
4,R_3si8pgkUnJyGBW6,a person,3
6,R_1kOoSGsZYQ2Y6fE,a person,4
9,R_2TQTz8Yxu8zNlSi,a person,5
6,R_1GWxBMbZunxtYL4,a person,5
5,R_xtGPyL98hHU0JKV,a person,4
5,R_9yLZ3SAHkFVFwhH,a person,5
5,R_PBvXw2hc7xtn3zP,a person,4
2,R_3HqqGVlrhrZ6rt3,a person,2
6,R_TiLhKAC5h15j3cB,a person,5
4,R_1JFlndlE0dEtWUS,a person,4
10,R_5szVFoyNO6O1wiZ,a person,4
6,R_3ELmuTGe6sfdQUh,a person,5
8,R_1kOg8DdxQL7bxcn,a person,4
6,R_2fs4bByv38E4UJv,a person,4
7,R_uyxIoOJAwOPGVgd,a person,5
9,R_2bZyNXHwQ6UkDO8,a person,5
6,R_1Lv2WZLUlVIfNuK,a person,5
5,R_2c6MQdA38IH0nVM,a person,5
3,R_3et8yFlpDIjgJ2M,a person,5
4,R_yWmBiU5Ruql1N6N,a person,4
4,R_22XQpedTwJiOEk1,a person,5
8,R_tG4R7fTti1iEERX,a person,4
4,R_2ZKSuUPKm4kLzjA,a person,3
7,R_2CpMgusmidE8tCx,a person,4
6,R_33r9gLd6qAc4mx3,a person,5
6,R_1OJD31Pkio2KnDk,a person,2
5,R_0DHlRrTBJyUPVxD,a person,5
6,R_pQMnmdW9IxpfNxT,a person,5
7,R_2TS1O7AXpM8Fc3M,a person,5
6,R_3fWcTCLJWBkuEYW,a person,5
9,R_1ClJWdimptEk3mh,a person,3
4,R_1FbP3tFJCrAQEDD,a dog,5
4,R_29bnfATbJLAoC55,a dog,2
7,R_Cmog5boCguFbWtb,a dog,4
4,R_2Xp2RDmxR1aa2DY,a dog,4
3,R_1OxIRypHy2GHyfy,a dog,1
4,R_3EHd2XwtQFFhHgd,a dog,2
9,R_1n0JwmUrJ2Nnxlb,a dog,3
3,R_2CepCHVDEKZy4Dw,a dog,1
7,R_9pJszzAogLdUhVL,a dog,4
3,R_2ARnVeYevtVN5ZN,a dog,2
3,R_2Y3UAbs88BX2lbJ,a dog,1
7,R_1LimYCRh7COJoxO,a dog,2
3,R_1EYbCYd95yxc6cA,a dog,4
8,R_27q8HA5iTj8MJ8L,a dog,3
3,R_1jVAe2AL4LCWqJg,a dog,4
6,R_eM2x5BdhWPqKGB3,a dog,2
3,R_3j9HJbkBrEQYPJY,a dog,2
9,R_29p76St8e8HAXqk,a dog,4
6,R_01zhARIbhgNAUZr,a dog,2
3,R_1LUNYpVRS1X6VE5,a dog,1
4,R_3si8pgkUnJyGBW6,a dog,5
6,R_1kOoSGsZYQ2Y6fE,a dog,2
9,R_2TQTz8Yxu8zNlSi,a dog,4
6,R_1GWxBMbZunxtYL4,a dog,4
5,R_xtGPyL98hHU0JKV,a dog,3
5,R_9yLZ3SAHkFVFwhH,a dog,2
5,R_PBvXw2hc7xtn3zP,a dog,2
2,R_3HqqGVlrhrZ6rt3,a dog,1
6,R_TiLhKAC5h15j3cB,a dog,3
4,R_1JFlndlE0dEtWUS,a dog,3
10,R_5szVFoyNO6O1wiZ,a dog,1
6,R_3ELmuTGe6sfdQUh,a dog,3
8,R_1kOg8DdxQL7bxcn,a dog,3
6,R_2fs4bByv38E4UJv,a dog,3
7,R_uyxIoOJAwOPGVgd,a dog,4
9,R_2bZyNXHwQ6UkDO8,a dog,4
6,R_1Lv2WZLUlVIfNuK,a dog,3
5,R_2c6MQdA38IH0nVM,a dog,5
3,R_3et8yFlpDIjgJ2M,a dog,3
4,R_yWmBiU5Ruql1N6N,a dog,2
4,R_22XQpedTwJiOEk1,a dog,4
8,R_tG4R7fTti1iEERX,a dog,4
4,R_2ZKSuUPKm4kLzjA,a dog,3
7,R_2CpMgusmidE8tCx,a dog,4
6,R_33r9gLd6qAc4mx3,a dog,3
6,R_1OJD31Pkio2KnDk,a dog,5
5,R_0DHlRrTBJyUPVxD,a dog,3
6,R_pQMnmdW9IxpfNxT,a dog,4
7,R_2TS1O7AXpM8Fc3M,a dog,3
6,R_3fWcTCLJWBkuEYW,a dog,1
9,R_1ClJWdimptEk3mh,a dog,3
4,R_1FbP3tFJCrAQEDD,a fish,5
4,R_29bnfATbJLAoC55,a fish,2
7,R_Cmog5boCguFbWtb,a fish,4
4,R_2Xp2RDmxR1aa2DY,a fish,2
3,R_1OxIRypHy2GHyfy,a fish,1
4,R_3EHd2XwtQFFhHgd,a fish,1
9,R_1n0JwmUrJ2Nnxlb,a fish,2
3,R_2CepCHVDEKZy4Dw,a fish,1
7,R_9pJszzAogLdUhVL,a fish,3
3,R_2ARnVeYevtVN5ZN,a fish,1
3,R_2Y3UAbs88BX2lbJ,a fish,1
7,R_1LimYCRh7COJoxO,a fish,3
3,R_1EYbCYd95yxc6cA,a fish,3
8,R_27q8HA5iTj8MJ8L,a fish,2
3,R_1jVAe2AL4LCWqJg,a fish,3
6,R_eM2x5BdhWPqKGB3,a fish,1
3,R_3j9HJbkBrEQYPJY,a fish,2
9,R_29p76St8e8HAXqk,a fish,4
6,R_01zhARIbhgNAUZr,a fish,1
3,R_1LUNYpVRS1X6VE5,a fish,1
4,R_3si8pgkUnJyGBW6,a fish,2
6,R_1kOoSGsZYQ2Y6fE,a fish,1
9,R_2TQTz8Yxu8zNlSi,a fish,3
6,R_1GWxBMbZunxtYL4,a fish,3
5,R_xtGPyL98hHU0JKV,a fish,1
5,R_9yLZ3SAHkFVFwhH,a fish,4
5,R_PBvXw2hc7xtn3zP,a fish,2
2,R_3HqqGVlrhrZ6rt3,a fish,1
6,R_TiLhKAC5h15j3cB,a fish,3
4,R_1JFlndlE0dEtWUS,a fish,3
10,R_5szVFoyNO6O1wiZ,a fish,1
6,R_3ELmuTGe6sfdQUh,a fish,3
8,R_1kOg8DdxQL7bxcn,a fish,2
6,R_2fs4bByv38E4UJv,a fish,2
7,R_uyxIoOJAwOPGVgd,a fish,3
9,R_2bZyNXHwQ6UkDO8,a fish,3
6,R_1Lv2WZLUlVIfNuK,a fish,3
5,R_2c6MQdA38IH0nVM,a fish,4
3,R_3et8yFlpDIjgJ2M,a fish,1
4,R_yWmBiU5Ruql1N6N,a fish,3
4,R_22XQpedTwJiOEk1,a fish,4
8,R_tG4R7fTti1iEERX,a fish,3
4,R_2ZKSuUPKm4kLzjA,a fish,3
7,R_2CpMgusmidE8tCx,a fish,3
6,R_33r9gLd6qAc4mx3,a fish,3
6,R_1OJD31Pkio2KnDk,a fish,1
5,R_0DHlRrTBJyUPVxD,a fish,3
6,R_pQMnmdW9IxpfNxT,a fish,2
7,R_2TS1O7AXpM8Fc3M,a fish,3
6,R_3fWcTCLJWBkuEYW,a fish,4
9,R_1ClJWdimptEk3mh,a fish,4
4,R_1FbP3tFJCrAQEDD,a snail,5
4,R_29bnfATbJLAoC55,a snail,1
7,R_Cmog5boCguFbWtb,a snail,1
4,R_2Xp2RDmxR1aa2DY,a snail,1
3,R_1OxIRypHy2GHyfy,a snail,1
4,R_3EHd2XwtQFFhHgd,a snail,1
9,R_1n0JwmUrJ2Nnxlb,a snail,2
3,R_2CepCHVDEKZy4Dw,a snail,1
7,R_9pJszzAogLdUhVL,a snail,4
3,R_2ARnVeYevtVN5ZN,a snail,1
3,R_2Y3UAbs88BX2lbJ,a snail,1
7,R_1LimYCRh7COJoxO,a snail,2
3,R_1EYbCYd95yxc6cA,a snail,4
8,R_27q8HA5iTj8MJ8L,a snail,1
3,R_1jVAe2AL4LCWqJg,a snail,3
6,R_eM2x5BdhWPqKGB3,a snail,2
3,R_3j9HJbkBrEQYPJY,a snail,1
9,R_29p76St8e8HAXqk,a snail,2
6,R_01zhARIbhgNAUZr,a snail,1
3,R_1LUNYpVRS1X6VE5,a snail,1
4,R_3si8pgkUnJyGBW6,a snail,2
6,R_1kOoSGsZYQ2Y6fE,a snail,1
9,R_2TQTz8Yxu8zNlSi,a snail,1
6,R_1GWxBMbZunxtYL4,a snail,2
5,R_xtGPyL98hHU0JKV,a snail,1
5,R_9yLZ3SAHkFVFwhH,a snail,3
5,R_PBvXw2hc7xtn3zP,a snail,2
2,R_3HqqGVlrhrZ6rt3,a snail,1
6,R_TiLhKAC5h15j3cB,a snail,1
4,R_1JFlndlE0dEtWUS,a snail,2
10,R_5szVFoyNO6O1wiZ,a snail,2
6,R_3ELmuTGe6sfdQUh,a snail,3
8,R_1kOg8DdxQL7bxcn,a snail,2
6,R_2fs4bByv38E4UJv,a snail,1
7,R_uyxIoOJAwOPGVgd,a snail,2
9,R_2bZyNXHwQ6UkDO8,a snail,3
6,R_1Lv2WZLUlVIfNuK,a snail,1
5,R_2c6MQdA38IH0nVM,a snail,2
3,R_3et8yFlpDIjgJ2M,a snail,1
4,R_yWmBiU5Ruql1N6N,a snail,2
4,R_22XQpedTwJiOEk1,a snail,3
8,R_tG4R7fTti1iEERX,a snail,2
4,R_2ZKSuUPKm4kLzjA,a snail,2
7,R_2CpMgusmidE8tCx,a snail,2
6,R_33r9gLd6qAc4mx3,a snail,1
6,R_1OJD31Pkio2KnDk,a snail,2
5,R_0DHlRrTBJyUPVxD,a snail,2
6,R_pQMnmdW9IxpfNxT,a snail,1
7,R_2TS1O7AXpM8Fc3M,a snail,3
6,R_3fWcTCLJWBkuEYW,a snail,1
9,R_1ClJWdimptEk3mh,a snail,3
4,R_1FbP3tFJCrAQEDD,a bed,5
4,R_29bnfATbJLAoC55,a bed,2
7,R_Cmog5boCguFbWtb,a bed,4
4,R_2Xp2RDmxR1aa2DY,a bed,3
3,R_1OxIRypHy2GHyfy,a bed,1
4,R_3EHd2XwtQFFhHgd,a bed,1
9,R_1n0JwmUrJ2Nnxlb,a bed,1
3,R_2CepCHVDEKZy4Dw,a bed,1
7,R_9pJszzAogLdUhVL,a bed,1
3,R_2ARnVeYevtVN5ZN,a bed,1
3,R_2Y3UAbs88BX2lbJ,a bed,1
7,R_1LimYCRh7COJoxO,a bed,2
3,R_1EYbCYd95yxc6cA,a bed,1
8,R_27q8HA5iTj8MJ8L,a bed,3
3,R_1jVAe2AL4LCWqJg,a bed,1
6,R_eM2x5BdhWPqKGB3,a bed,2
3,R_3j9HJbkBrEQYPJY,a bed,1
9,R_29p76St8e8HAXqk,a bed,4
6,R_01zhARIbhgNAUZr,a bed,2
3,R_1LUNYpVRS1X6VE5,a bed,2
4,R_3si8pgkUnJyGBW6,a bed,4
6,R_1kOoSGsZYQ2Y6fE,a bed,1
9,R_2TQTz8Yxu8zNlSi,a bed,3
6,R_1GWxBMbZunxtYL4,a bed,2
5,R_xtGPyL98hHU0JKV,a bed,2
5,R_9yLZ3SAHkFVFwhH,a bed,2
5,R_PBvXw2hc7xtn3zP,a bed,2
2,R_3HqqGVlrhrZ6rt3,a bed,1
6,R_TiLhKAC5h15j3cB,a bed,3
4,R_1JFlndlE0dEtWUS,a bed,3
10,R_5szVFoyNO6O1wiZ,a bed,2
6,R_3ELmuTGe6sfdQUh,a bed,3
8,R_1kOg8DdxQL7bxcn,a bed,2
6,R_2fs4bByv38E4UJv,a bed,3
7,R_uyxIoOJAwOPGVgd,a bed,3
9,R_2bZyNXHwQ6UkDO8,a bed,3
6,R_1Lv2WZLUlVIfNuK,a bed,3
5,R_2c6MQdA38IH0nVM,a bed,3
3,R_3et8yFlpDIjgJ2M,a bed,2
4,R_yWmBiU5Ruql1N6N,a bed,2
4,R_22XQpedTwJiOEk1,a bed,1
8,R_tG4R7fTti1iEERX,a bed,2
4,R_2ZKSuUPKm4kLzjA,a bed,1
7,R_2CpMgusmidE8tCx,a bed,4
6,R_33r9gLd6qAc4mx3,a bed,3
6,R_1OJD31Pkio2KnDk,a bed,4
5,R_0DHlRrTBJyUPVxD,a bed,4
6,R_pQMnmdW9IxpfNxT,a bed,3
7,R_2TS1O7AXpM8Fc3M,a bed,2
6,R_3fWcTCLJWBkuEYW,a bed,1
9,R_1ClJWdimptEk3mh,a bed,3
4,R_1FbP3tFJCrAQEDD,a house,5
4,R_29bnfATbJLAoC55,a house,3
7,R_Cmog5boCguFbWtb,a house,3
4,R_2Xp2RDmxR1aa2DY,a house,4
3,R_1OxIRypHy2GHyfy,a house,2
4,R_3EHd2XwtQFFhHgd,a house,3
9,R_1n0JwmUrJ2Nnxlb,a house,4
3,R_2CepCHVDEKZy4Dw,a house,3
7,R_9pJszzAogLdUhVL,a house,4
3,R_2ARnVeYevtVN5ZN,a house,1
3,R_2Y3UAbs88BX2lbJ,a house,1
7,R_1LimYCRh7COJoxO,a house,4
3,R_1EYbCYd95yxc6cA,a house,2
8,R_27q8HA5iTj8MJ8L,a house,4
3,R_1jVAe2AL4LCWqJg,a house,3
6,R_eM2x5BdhWPqKGB3,a house,2
3,R_3j9HJbkBrEQYPJY,a house,1
9,R_29p76St8e8HAXqk,a house,5
6,R_01zhARIbhgNAUZr,a house,1
3,R_1LUNYpVRS1X6VE5,a house,4
4,R_3si8pgkUnJyGBW6,a house,2
6,R_1kOoSGsZYQ2Y6fE,a house,3
9,R_2TQTz8Yxu8zNlSi,a house,3
6,R_1GWxBMbZunxtYL4,a house,3
5,R_xtGPyL98hHU0JKV,a house,4
5,R_9yLZ3SAHkFVFwhH,a house,4
5,R_PBvXw2hc7xtn3zP,a house,4
2,R_3HqqGVlrhrZ6rt3,a house,1
6,R_TiLhKAC5h15j3cB,a house,4
4,R_1JFlndlE0dEtWUS,a house,4
10,R_5szVFoyNO6O1wiZ,a house,4
6,R_3ELmuTGe6sfdQUh,a house,4
8,R_1kOg8DdxQL7bxcn,a house,3
6,R_2fs4bByv38E4UJv,a house,4
7,R_uyxIoOJAwOPGVgd,a house,4
9,R_2bZyNXHwQ6UkDO8,a house,4
6,R_1Lv2WZLUlVIfNuK,a house,4
5,R_2c6MQdA38IH0nVM,a house,4
3,R_3et8yFlpDIjgJ2M,a house,3
4,R_yWmBiU5Ruql1N6N,a house,4
4,R_22XQpedTwJiOEk1,a house,4
8,R_tG4R7fTti1iEERX,a house,4
4,R_2ZKSuUPKm4kLzjA,a house,2
7,R_2CpMgusmidE8tCx,a house,4
6,R_33r9gLd6qAc4mx3,a house,4
6,R_1OJD31Pkio2KnDk,a house,2
5,R_0DHlRrTBJyUPVxD,a house,4
6,R_pQMnmdW9IxpfNxT,a house,4
7,R_2TS1O7AXpM8Fc3M,a house,4
6,R_3fWcTCLJWBkuEYW,a house,4
9,R_1ClJWdimptEk3mh,a house,4
4,R_1FbP3tFJCrAQEDD,a tree,5
4,R_29bnfATbJLAoC55,a tree,4
7,R_Cmog5boCguFbWtb,a tree,2
4,R_2Xp2RDmxR1aa2DY,a tree,4
3,R_1OxIRypHy2GHyfy,a tree,1
4,R_3EHd2XwtQFFhHgd,a tree,1
9,R_1n0JwmUrJ2Nnxlb,a tree,3
3,R_2CepCHVDEKZy4Dw,a tree,2
7,R_9pJszzAogLdUhVL,a tree,5
3,R_2ARnVeYevtVN5ZN,a tree,1
3,R_2Y3UAbs88BX2lbJ,a tree,1
7,R_1LimYCRh7COJoxO,a tree,3
3,R_1EYbCYd95yxc6cA,a tree,2
8,R_27q8HA5iTj8MJ8L,a tree,4
3,R_1jVAe2AL4LCWqJg,a tree,4
6,R_eM2x5BdhWPqKGB3,a tree,2
3,R_3j9HJbkBrEQYPJY,a tree,3
9,R_29p76St8e8HAXqk,a tree,4
6,R_01zhARIbhgNAUZr,a tree,1
3,R_1LUNYpVRS1X6VE5,a tree,4
4,R_3si8pgkUnJyGBW6,a tree,2
6,R_1kOoSGsZYQ2Y6fE,a tree,3
9,R_2TQTz8Yxu8zNlSi,a tree,4
6,R_1GWxBMbZunxtYL4,a tree,3
5,R_xtGPyL98hHU0JKV,a tree,3
5,R_9yLZ3SAHkFVFwhH,a tree,4
5,R_PBvXw2hc7xtn3zP,a tree,4
2,R_3HqqGVlrhrZ6rt3,a tree,1
6,R_TiLhKAC5h15j3cB,a tree,4
4,R_1JFlndlE0dEtWUS,a tree,3
10,R_5szVFoyNO6O1wiZ,a tree,4
6,R_3ELmuTGe6sfdQUh,a tree,4
8,R_1kOg8DdxQL7bxcn,a tree,4
6,R_2fs4bByv38E4UJv,a tree,3
7,R_uyxIoOJAwOPGVgd,a tree,4
9,R_2bZyNXHwQ6UkDO8,a tree,3
6,R_1Lv2WZLUlVIfNuK,a tree,3
5,R_2c6MQdA38IH0nVM,a tree,5
3,R_3et8yFlpDIjgJ2M,a tree,3
4,R_yWmBiU5Ruql1N6N,a tree,4
4,R_22XQpedTwJiOEk1,a tree,3
8,R_tG4R7fTti1iEERX,a tree,4
4,R_2ZKSuUPKm4kLzjA,a tree,2
7,R_2CpMgusmidE8tCx,a tree,4
6,R_33r9gLd6qAc4mx3,a tree,3
6,R_1OJD31Pkio2KnDk,a tree,3
5,R_0DHlRrTBJyUPVxD,a tree,4
6,R_pQMnmdW9IxpfNxT,a tree,3
7,R_2TS1O7AXpM8Fc3M,a tree,4
6,R_3fWcTCLJWBkuEYW,a tree,4
9,R_1ClJWdimptEk3mh,a tree,5
4,R_1FbP3tFJCrAQEDD,a cup,5
4,R_29bnfATbJLAoC55,a cup,2
7,R_Cmog5boCguFbWtb,a cup,2
4,R_2Xp2RDmxR1aa2DY,a cup,3
3,R_1OxIRypHy2GHyfy,a cup,1
4,R_3EHd2XwtQFFhHgd,a cup,1
9,R_1n0JwmUrJ2Nnxlb,a cup,1
3,R_2CepCHVDEKZy4Dw,a cup,1
7,R_9pJszzAogLdUhVL,a cup,2
3,R_2ARnVeYevtVN5ZN,a cup,1
3,R_2Y3UAbs88BX2lbJ,a cup,1
7,R_1LimYCRh7COJoxO,a cup,2
3,R_1EYbCYd95yxc6cA,a cup,1
8,R_27q8HA5iTj8MJ8L,a cup,2
3,R_1jVAe2AL4LCWqJg,a cup,3
6,R_eM2x5BdhWPqKGB3,a cup,1
3,R_3j9HJbkBrEQYPJY,a cup,1
9,R_29p76St8e8HAXqk,a cup,4
6,R_01zhARIbhgNAUZr,a cup,1
3,R_1LUNYpVRS1X6VE5,a cup,1
4,R_3si8pgkUnJyGBW6,a cup,4
6,R_1kOoSGsZYQ2Y6fE,a cup,1
9,R_2TQTz8Yxu8zNlSi,a cup,2
6,R_1GWxBMbZunxtYL4,a cup,2
5,R_xtGPyL98hHU0JKV,a cup,1
5,R_9yLZ3SAHkFVFwhH,a cup,1
5,R_PBvXw2hc7xtn3zP,a cup,1
2,R_3HqqGVlrhrZ6rt3,a cup,1
6,R_TiLhKAC5h15j3cB,a cup,3
4,R_1JFlndlE0dEtWUS,a cup,3
10,R_5szVFoyNO6O1wiZ,a cup,2
6,R_3ELmuTGe6sfdQUh,a cup,3
8,R_1kOg8DdxQL7bxcn,a cup,2
6,R_2fs4bByv38E4UJv,a cup,3
7,R_uyxIoOJAwOPGVgd,a cup,3
9,R_2bZyNXHwQ6UkDO8,a cup,2
6,R_1Lv2WZLUlVIfNuK,a cup,2
5,R_2c6MQdA38IH0nVM,a cup,3
3,R_3et8yFlpDIjgJ2M,a cup,1
4,R_yWmBiU5Ruql1N6N,a cup,2
4,R_22XQpedTwJiOEk1,a cup,3
8,R_tG4R7fTti1iEERX,a cup,1
4,R_2ZKSuUPKm4kLzjA,a cup,1
7,R_2CpMgusmidE8tCx,a cup,1
6,R_33r9gLd6qAc4mx3,a cup,1
6,R_1OJD31Pkio2KnDk,a cup,4
5,R_0DHlRrTBJyUPVxD,a cup,2
6,R_pQMnmdW9IxpfNxT,a cup,2
7,R_2TS1O7AXpM8Fc3M,a cup,1
6,R_3fWcTCLJWBkuEYW,a cup,2
9,R_1ClJWdimptEk3mh,a cup,4
4,R_1FbP3tFJCrAQEDD,a book,5
4,R_29bnfATbJLAoC55,a book,2
7,R_Cmog5boCguFbWtb,a book,3
4,R_2Xp2RDmxR1aa2DY,a book,4
3,R_1OxIRypHy2GHyfy,a book,1
4,R_3EHd2XwtQFFhHgd,a book,1
9,R_1n0JwmUrJ2Nnxlb,a book,1
3,R_2CepCHVDEKZy4Dw,a book,1
7,R_9pJszzAogLdUhVL,a book,3
3,R_2ARnVeYevtVN5ZN,a book,1
3,R_2Y3UAbs88BX2lbJ,a book,1
7,R_1LimYCRh7COJoxO,a book,2
3,R_1EYbCYd95yxc6cA,a book,1
8,R_27q8HA5iTj8MJ8L,a book,3
3,R_1jVAe2AL4LCWqJg,a book,3
6,R_eM2x5BdhWPqKGB3,a book,1
3,R_3j9HJbkBrEQYPJY,a book,1
9,R_29p76St8e8HAXqk,a book,4
6,R_01zhARIbhgNAUZr,a book,2
3,R_1LUNYpVRS1X6VE5,a book,1
4,R_3si8pgkUnJyGBW6,a book,4
6,R_1kOoSGsZYQ2Y6fE,a book,1
9,R_2TQTz8Yxu8zNlSi,a book,4
6,R_1GWxBMbZunxtYL4,a book,1
5,R_xtGPyL98hHU0JKV,a book,1
5,R_9yLZ3SAHkFVFwhH,a book,2
5,R_PBvXw2hc7xtn3zP,a book,2
2,R_3HqqGVlrhrZ6rt3,a book,1
6,R_TiLhKAC5h15j3cB,a book,2
4,R_1JFlndlE0dEtWUS,a book,3
10,R_5szVFoyNO6O1wiZ,a book,1
6,R_3ELmuTGe6sfdQUh,a book,3
8,R_1kOg8DdxQL7bxcn,a book,2
6,R_2fs4bByv38E4UJv,a book,3
7,R_uyxIoOJAwOPGVgd,a book,3
9,R_2bZyNXHwQ6UkDO8,a book,2
6,R_1Lv2WZLUlVIfNuK,a book,3
5,R_2c6MQdA38IH0nVM,a book,2
3,R_3et8yFlpDIjgJ2M,a book,3
4,R_yWmBiU5Ruql1N6N,a book,2
4,R_22XQpedTwJiOEk1,a book,1
8,R_tG4R7fTti1iEERX,a book,3
4,R_2ZKSuUPKm4kLzjA,a book,1
7,R_2CpMgusmidE8tCx,a book,4
6,R_33r9gLd6qAc4mx3,a book,2
6,R_1OJD31Pkio2KnDk,a book,3
5,R_0DHlRrTBJyUPVxD,a book,1
6,R_pQMnmdW9IxpfNxT,a book,3
7,R_2TS1O7AXpM8Fc3M,a book,2
6,R_3fWcTCLJWBkuEYW,a book,3
9,R_1ClJWdimptEk3mh,a book,3
4,R_1FbP3tFJCrAQEDD,a TV,5
4,R_29bnfATbJLAoC55,a TV,2
7,R_Cmog5boCguFbWtb,a TV,1
4,R_2Xp2RDmxR1aa2DY,a TV,3
3,R_1OxIRypHy2GHyfy,a TV,1
4,R_3EHd2XwtQFFhHgd,a TV,1
9,R_1n0JwmUrJ2Nnxlb,a TV,1
3,R_2CepCHVDEKZy4Dw,a TV,1
7,R_9pJszzAogLdUhVL,a TV,2
3,R_2ARnVeYevtVN5ZN,a TV,1
3,R_2Y3UAbs88BX2lbJ,a TV,1
7,R_1LimYCRh7COJoxO,a TV,3
3,R_1EYbCYd95yxc6cA,a TV,1
8,R_27q8HA5iTj8MJ8L,a TV,3
3,R_1jVAe2AL4LCWqJg,a TV,1
6,R_eM2x5BdhWPqKGB3,a TV,2
3,R_3j9HJbkBrEQYPJY,a TV,1
9,R_29p76St8e8HAXqk,a TV,4
6,R_01zhARIbhgNAUZr,a TV,1
3,R_1LUNYpVRS1X6VE5,a TV,1
4,R_3si8pgkUnJyGBW6,a TV,4
6,R_1kOoSGsZYQ2Y6fE,a TV,1
9,R_2TQTz8Yxu8zNlSi,a TV,2
6,R_1GWxBMbZunxtYL4,a TV,2
5,R_xtGPyL98hHU0JKV,a TV,1
5,R_9yLZ3SAHkFVFwhH,a TV,1
5,R_PBvXw2hc7xtn3zP,a TV,2
2,R_3HqqGVlrhrZ6rt3,a TV,1
6,R_TiLhKAC5h15j3cB,a TV,2
4,R_1JFlndlE0dEtWUS,a TV,3
10,R_5szVFoyNO6O1wiZ,a TV,5
6,R_3ELmuTGe6sfdQUh,a TV,3
8,R_1kOg8DdxQL7bxcn,a TV,1
6,R_2fs4bByv38E4UJv,a TV,2
7,R_uyxIoOJAwOPGVgd,a TV,2
9,R_2bZyNXHwQ6UkDO8,a TV,3
6,R_1Lv2WZLUlVIfNuK,a TV,2
5,R_2c6MQdA38IH0nVM,a TV,2
3,R_3et8yFlpDIjgJ2M,a TV,3
4,R_yWmBiU5Ruql1N6N,a TV,1
4,R_22XQpedTwJiOEk1,a TV,1
8,R_tG4R7fTti1iEERX,a TV,1
4,R_2ZKSuUPKm4kLzjA,a TV,1
7,R_2CpMgusmidE8tCx,a TV,4
6,R_33r9gLd6qAc4mx3,a TV,2
6,R_1OJD31Pkio2KnDk,a TV,2
5,R_0DHlRrTBJyUPVxD,a TV,1
6,R_pQMnmdW9IxpfNxT,a TV,3
7,R_2TS1O7AXpM8Fc3M,a TV,3
6,R_3fWcTCLJWBkuEYW,a TV,2
9,R_1ClJWdimptEk3mh,a TV,2
4,R_1FbP3tFJCrAQEDD,a boat,5
4,R_29bnfATbJLAoC55,a boat,2
7,R_Cmog5boCguFbWtb,a boat,2
4,R_2Xp2RDmxR1aa2DY,a boat,3
3,R_1OxIRypHy2GHyfy,a boat,1
4,R_3EHd2XwtQFFhHgd,a boat,1
9,R_1n0JwmUrJ2Nnxlb,a boat,3
3,R_2CepCHVDEKZy4Dw,a boat,1
7,R_9pJszzAogLdUhVL,a boat,2
3,R_2ARnVeYevtVN5ZN,a boat,3
3,R_2Y3UAbs88BX2lbJ,a boat,1
7,R_1LimYCRh7COJoxO,a boat,3
3,R_1EYbCYd95yxc6cA,a boat,1
8,R_27q8HA5iTj8MJ8L,a boat,2
3,R_1jVAe2AL4LCWqJg,a boat,2
6,R_eM2x5BdhWPqKGB3,a boat,1
3,R_3j9HJbkBrEQYPJY,a boat,1
9,R_29p76St8e8HAXqk,a boat,3
6,R_01zhARIbhgNAUZr,a boat,4
3,R_1LUNYpVRS1X6VE5,a boat,4
4,R_3si8pgkUnJyGBW6,a boat,4
6,R_1kOoSGsZYQ2Y6fE,a boat,1
9,R_2TQTz8Yxu8zNlSi,a boat,4
6,R_1GWxBMbZunxtYL4,a boat,3
5,R_xtGPyL98hHU0JKV,a boat,2
5,R_9yLZ3SAHkFVFwhH,a boat,2
5,R_PBvXw2hc7xtn3zP,a boat,2
2,R_3HqqGVlrhrZ6rt3,a boat,1
6,R_TiLhKAC5h15j3cB,a boat,2
4,R_1JFlndlE0dEtWUS,a boat,3
10,R_5szVFoyNO6O1wiZ,a boat,2
6,R_3ELmuTGe6sfdQUh,a boat,3
8,R_1kOg8DdxQL7bxcn,a boat,2
6,R_2fs4bByv38E4UJv,a boat,1
7,R_uyxIoOJAwOPGVgd,a boat,3
9,R_2bZyNXHwQ6UkDO8,a boat,3
6,R_1Lv2WZLUlVIfNuK,a boat,3
5,R_2c6MQdA38IH0nVM,a boat,3
3,R_3et8yFlpDIjgJ2M,a boat,2
4,R_yWmBiU5Ruql1N6N,a boat,2
4,R_22XQpedTwJiOEk1,a boat,1
8,R_tG4R7fTti1iEERX,a boat,3
4,R_2ZKSuUPKm4kLzjA,a boat,1
7,R_2CpMgusmidE8tCx,a boat,3
6,R_33r9gLd6qAc4mx3,a boat,2
6,R_1OJD31Pkio2KnDk,a boat,1
5,R_0DHlRrTBJyUPVxD,a boat,3
6,R_pQMnmdW9IxpfNxT,a boat,2
7,R_2TS1O7AXpM8Fc3M,a boat,3
6,R_3fWcTCLJWBkuEYW,a boat,1
9,R_1ClJWdimptEk3mh,a boat,2
4,R_1FbP3tFJCrAQEDD,a car,5
4,R_29bnfATbJLAoC55,a car,3
7,R_Cmog5boCguFbWtb,a car,2
4,R_2Xp2RDmxR1aa2DY,a car,4
3,R_1OxIRypHy2GHyfy,a car,3
4,R_3EHd2XwtQFFhHgd,a car,2
9,R_1n0JwmUrJ2Nnxlb,a car,2
3,R_2CepCHVDEKZy4Dw,a car,5
7,R_9pJszzAogLdUhVL,a car,3
3,R_2ARnVeYevtVN5ZN,a car,5
3,R_2Y3UAbs88BX2lbJ,a car,1
7,R_1LimYCRh7COJoxO,a car,2
3,R_1EYbCYd95yxc6cA,a car,2
8,R_27q8HA5iTj8MJ8L,a car,4
3,R_1jVAe2AL4LCWqJg,a car,2
6,R_eM2x5BdhWPqKGB3,a car,2
3,R_3j9HJbkBrEQYPJY,a car,4
9,R_29p76St8e8HAXqk,a car,4
6,R_01zhARIbhgNAUZr,a car,1
3,R_1LUNYpVRS1X6VE5,a car,1
4,R_3si8pgkUnJyGBW6,a car,3
6,R_1kOoSGsZYQ2Y6fE,a car,1
9,R_2TQTz8Yxu8zNlSi,a car,3
6,R_1GWxBMbZunxtYL4,a car,4
5,R_xtGPyL98hHU0JKV,a car,4
5,R_9yLZ3SAHkFVFwhH,a car,3
5,R_PBvXw2hc7xtn3zP,a car,2
2,R_3HqqGVlrhrZ6rt3,a car,3
6,R_TiLhKAC5h15j3cB,a car,3
4,R_1JFlndlE0dEtWUS,a car,3
10,R_5szVFoyNO6O1wiZ,a car,4
6,R_3ELmuTGe6sfdQUh,a car,4
8,R_1kOg8DdxQL7bxcn,a car,2
6,R_2fs4bByv38E4UJv,a car,3
7,R_uyxIoOJAwOPGVgd,a car,4
9,R_2bZyNXHwQ6UkDO8,a car,4
6,R_1Lv2WZLUlVIfNuK,a car,4
5,R_2c6MQdA38IH0nVM,a car,4
3,R_3et8yFlpDIjgJ2M,a car,4
4,R_yWmBiU5Ruql1N6N,a car,3
4,R_22XQpedTwJiOEk1,a car,4
8,R_tG4R7fTti1iEERX,a car,3
4,R_2ZKSuUPKm4kLzjA,a car,1
7,R_2CpMgusmidE8tCx,a car,4
6,R_33r9gLd6qAc4mx3,a car,1
6,R_1OJD31Pkio2KnDk,a car,1
5,R_0DHlRrTBJyUPVxD,a car,3
6,R_pQMnmdW9IxpfNxT,a car,4
7,R_2TS1O7AXpM8Fc3M,a car,4
6,R_3fWcTCLJWBkuEYW,a car,3
9,R_1ClJWdimptEk3mh,a car,5
4,R_1FbP3tFJCrAQEDD,a train,5
4,R_29bnfATbJLAoC55,a train,4
7,R_Cmog5boCguFbWtb,a train,2
4,R_2Xp2RDmxR1aa2DY,a train,3
3,R_1OxIRypHy2GHyfy,a train,1
4,R_3EHd2XwtQFFhHgd,a train,1
9,R_1n0JwmUrJ2Nnxlb,a train,2
3,R_2CepCHVDEKZy4Dw,a train,2
7,R_9pJszzAogLdUhVL,a train,2
3,R_2ARnVeYevtVN5ZN,a train,4
3,R_2Y3UAbs88BX2lbJ,a train,1
7,R_1LimYCRh7COJoxO,a train,2
3,R_1EYbCYd95yxc6cA,a train,2
8,R_27q8HA5iTj8MJ8L,a train,4
3,R_1jVAe2AL4LCWqJg,a train,3
6,R_eM2x5BdhWPqKGB3,a train,2
3,R_3j9HJbkBrEQYPJY,a train,4
9,R_29p76St8e8HAXqk,a train,3
6,R_01zhARIbhgNAUZr,a train,2
3,R_1LUNYpVRS1X6VE5,a train,4
4,R_3si8pgkUnJyGBW6,a train,2
6,R_1kOoSGsZYQ2Y6fE,a train,1
9,R_2TQTz8Yxu8zNlSi,a train,2
6,R_1GWxBMbZunxtYL4,a train,3
5,R_xtGPyL98hHU0JKV,a train,3
5,R_9yLZ3SAHkFVFwhH,a train,2
5,R_PBvXw2hc7xtn3zP,a train,2
2,R_3HqqGVlrhrZ6rt3,a train,1
6,R_TiLhKAC5h15j3cB,a train,2
4,R_1JFlndlE0dEtWUS,a train,1
10,R_5szVFoyNO6O1wiZ,a train,4
6,R_3ELmuTGe6sfdQUh,a train,2
8,R_1kOg8DdxQL7bxcn,a train,1
6,R_2fs4bByv38E4UJv,a train,2
7,R_uyxIoOJAwOPGVgd,a train,4
9,R_2bZyNXHwQ6UkDO8,a train,4
6,R_1Lv2WZLUlVIfNuK,a train,4
5,R_2c6MQdA38IH0nVM,a train,3
3,R_3et8yFlpDIjgJ2M,a train,1
4,R_yWmBiU5Ruql1N6N,a train,2
4,R_22XQpedTwJiOEk1,a train,1
8,R_tG4R7fTti1iEERX,a train,3
4,R_2ZKSuUPKm4kLzjA,a train,4
7,R_2CpMgusmidE8tCx,a train,3
6,R_33r9gLd6qAc4mx3,a train,2
6,R_1OJD31Pkio2KnDk,a train,2
5,R_0DHlRrTBJyUPVxD,a train,2
6,R_pQMnmdW9IxpfNxT,a train,3
7,R_2TS1O7AXpM8Fc3M,a train,4
6,R_3fWcTCLJWBkuEYW,a train,1
9,R_1ClJWdimptEk3mh,a train,5
4,R_1FbP3tFJCrAQEDD,a crab,5
4,R_29bnfATbJLAoC55,a crab,1
7,R_Cmog5boCguFbWtb,a crab,4
4,R_2Xp2RDmxR1aa2DY,a crab,1
3,R_1OxIRypHy2GHyfy,a crab,1
4,R_3EHd2XwtQFFhHgd,a crab,1
9,R_1n0JwmUrJ2Nnxlb,a crab,2
3,R_2CepCHVDEKZy4Dw,a crab,1
7,R_9pJszzAogLdUhVL,a crab,2
3,R_2ARnVeYevtVN5ZN,a crab,1
3,R_2Y3UAbs88BX2lbJ,a crab,1
7,R_1LimYCRh7COJoxO,a crab,2
3,R_1EYbCYd95yxc6cA,a crab,2
8,R_27q8HA5iTj8MJ8L,a crab,1
3,R_1jVAe2AL4LCWqJg,a crab,1
6,R_eM2x5BdhWPqKGB3,a crab,1
3,R_3j9HJbkBrEQYPJY,a crab,1
9,R_29p76St8e8HAXqk,a crab,3
6,R_01zhARIbhgNAUZr,a crab,1
3,R_1LUNYpVRS1X6VE5,a crab,1
4,R_3si8pgkUnJyGBW6,a crab,2
6,R_1kOoSGsZYQ2Y6fE,a crab,1
9,R_2TQTz8Yxu8zNlSi,a crab,2
6,R_1GWxBMbZunxtYL4,a crab,2
5,R_xtGPyL98hHU0JKV,a crab,1
5,R_9yLZ3SAHkFVFwhH,a crab,1
5,R_PBvXw2hc7xtn3zP,a crab,1
2,R_3HqqGVlrhrZ6rt3,a crab,1
6,R_TiLhKAC5h15j3cB,a crab,1
4,R_1JFlndlE0dEtWUS,a crab,3
10,R_5szVFoyNO6O1wiZ,a crab,1
6,R_3ELmuTGe6sfdQUh,a crab,3
8,R_1kOg8DdxQL7bxcn,a crab,3
6,R_2fs4bByv38E4UJv,a crab,1
7,R_uyxIoOJAwOPGVgd,a crab,3
9,R_2bZyNXHwQ6UkDO8,a crab,2
6,R_1Lv2WZLUlVIfNuK,a crab,1
5,R_2c6MQdA38IH0nVM,a crab,1
3,R_3et8yFlpDIjgJ2M,a crab,1
4,R_yWmBiU5Ruql1N6N,a crab,1
4,R_22XQpedTwJiOEk1,a crab,1
8,R_tG4R7fTti1iEERX,a crab,2
4,R_2ZKSuUPKm4kLzjA,a crab,2
7,R_2CpMgusmidE8tCx,a crab,2
6,R_33r9gLd6qAc4mx3,a crab,1
6,R_1OJD31Pkio2KnDk,a crab,1
5,R_0DHlRrTBJyUPVxD,a crab,2
6,R_pQMnmdW9IxpfNxT,a crab,1
7,R_2TS1O7AXpM8Fc3M,a crab,2
6,R_3fWcTCLJWBkuEYW,a crab,1
9,R_1ClJWdimptEk3mh,a crab,2
4,R_1FbP3tFJCrAQEDD,a crocodile,5
4,R_29bnfATbJLAoC55,a crocodile,2
7,R_Cmog5boCguFbWtb,a crocodile,3
4,R_2Xp2RDmxR1aa2DY,a crocodile,1
3,R_1OxIRypHy2GHyfy,a crocodile,1
4,R_3EHd2XwtQFFhHgd,a crocodile,1
9,R_1n0JwmUrJ2Nnxlb,a crocodile,1
3,R_2CepCHVDEKZy4Dw,a crocodile,1
7,R_9pJszzAogLdUhVL,a crocodile,3
3,R_2ARnVeYevtVN5ZN,a crocodile,1
3,R_2Y3UAbs88BX2lbJ,a crocodile,1
7,R_1LimYCRh7COJoxO,a crocodile,3
3,R_1EYbCYd95yxc6cA,a crocodile,2
8,R_27q8HA5iTj8MJ8L,a crocodile,1
3,R_1jVAe2AL4LCWqJg,a crocodile,2
6,R_eM2x5BdhWPqKGB3,a crocodile,1
3,R_3j9HJbkBrEQYPJY,a crocodile,1
9,R_29p76St8e8HAXqk,a crocodile,2
6,R_01zhARIbhgNAUZr,a crocodile,1
3,R_1LUNYpVRS1X6VE5,a crocodile,1
4,R_3si8pgkUnJyGBW6,a crocodile,4
6,R_1kOoSGsZYQ2Y6fE,a crocodile,1
9,R_2TQTz8Yxu8zNlSi,a crocodile,3
6,R_1GWxBMbZunxtYL4,a crocodile,2
5,R_xtGPyL98hHU0JKV,a crocodile,1
5,R_9yLZ3SAHkFVFwhH,a crocodile,2
5,R_PBvXw2hc7xtn3zP,a crocodile,1
2,R_3HqqGVlrhrZ6rt3,a crocodile,1
6,R_TiLhKAC5h15j3cB,a crocodile,1
4,R_1JFlndlE0dEtWUS,a crocodile,1
10,R_5szVFoyNO6O1wiZ,a crocodile,2
6,R_3ELmuTGe6sfdQUh,a crocodile,4
8,R_1kOg8DdxQL7bxcn,a crocodile,2
6,R_2fs4bByv38E4UJv,a crocodile,2
7,R_uyxIoOJAwOPGVgd,a crocodile,3
9,R_2bZyNXHwQ6UkDO8,a crocodile,3
6,R_1Lv2WZLUlVIfNuK,a crocodile,2
5,R_2c6MQdA38IH0nVM,a crocodile,1
3,R_3et8yFlpDIjgJ2M,a crocodile,1
4,R_yWmBiU5Ruql1N6N,a crocodile,2
4,R_22XQpedTwJiOEk1,a crocodile,2
8,R_tG4R7fTti1iEERX,a crocodile,1
4,R_2ZKSuUPKm4kLzjA,a crocodile,1
7,R_2CpMgusmidE8tCx,a crocodile,2
6,R_33r9gLd6qAc4mx3,a crocodile,1
6,R_1OJD31Pkio2KnDk,a crocodile,1
5,R_0DHlRrTBJyUPVxD,a crocodile,1
6,R_pQMnmdW9IxpfNxT,a crocodile,3
7,R_2TS1O7AXpM8Fc3M,a crocodile,1
6,R_3fWcTCLJWBkuEYW,a crocodile,1
9,R_1ClJWdimptEk3mh,a crocodile,2
4,R_1FbP3tFJCrAQEDD,a duck,5
4,R_29bnfATbJLAoC55,a duck,1
7,R_Cmog5boCguFbWtb,a duck,2
4,R_2Xp2RDmxR1aa2DY,a duck,2
3,R_1OxIRypHy2GHyfy,a duck,1
4,R_3EHd2XwtQFFhHgd,a duck,1
9,R_1n0JwmUrJ2Nnxlb,a duck,2
3,R_2CepCHVDEKZy4Dw,a duck,1
7,R_9pJszzAogLdUhVL,a duck,3
3,R_2ARnVeYevtVN5ZN,a duck,1
3,R_2Y3UAbs88BX2lbJ,a duck,1
7,R_1LimYCRh7COJoxO,a duck,2
3,R_1EYbCYd95yxc6cA,a duck,1
8,R_27q8HA5iTj8MJ8L,a duck,2
3,R_1jVAe2AL4LCWqJg,a duck,3
6,R_eM2x5BdhWPqKGB3,a duck,1
3,R_3j9HJbkBrEQYPJY,a duck,1
9,R_29p76St8e8HAXqk,a duck,3
6,R_01zhARIbhgNAUZr,a duck,3
3,R_1LUNYpVRS1X6VE5,a duck,1
4,R_3si8pgkUnJyGBW6,a duck,3
6,R_1kOoSGsZYQ2Y6fE,a duck,1
9,R_2TQTz8Yxu8zNlSi,a duck,2
6,R_1GWxBMbZunxtYL4,a duck,2
5,R_xtGPyL98hHU0JKV,a duck,1
5,R_9yLZ3SAHkFVFwhH,a duck,1
5,R_PBvXw2hc7xtn3zP,a duck,2
2,R_3HqqGVlrhrZ6rt3,a duck,1
6,R_TiLhKAC5h15j3cB,a duck,3
4,R_1JFlndlE0dEtWUS,a duck,1
10,R_5szVFoyNO6O1wiZ,a duck,3
6,R_3ELmuTGe6sfdQUh,a duck,3
8,R_1kOg8DdxQL7bxcn,a duck,2
6,R_2fs4bByv38E4UJv,a duck,1
7,R_uyxIoOJAwOPGVgd,a duck,3
9,R_2bZyNXHwQ6UkDO8,a duck,2
6,R_1Lv2WZLUlVIfNuK,a duck,1
5,R_2c6MQdA38IH0nVM,a duck,3
3,R_3et8yFlpDIjgJ2M,a duck,1
4,R_yWmBiU5Ruql1N6N,a duck,1
4,R_22XQpedTwJiOEk1,a duck,1
8,R_tG4R7fTti1iEERX,a duck,1
4,R_2ZKSuUPKm4kLzjA,a duck,2
7,R_2CpMgusmidE8tCx,a duck,1
6,R_33r9gLd6qAc4mx3,a duck,3
6,R_1OJD31Pkio2KnDk,a duck,1
5,R_0DHlRrTBJyUPVxD,a duck,2
6,R_pQMnmdW9IxpfNxT,a duck,1
7,R_2TS1O7AXpM8Fc3M,a duck,2
6,R_3fWcTCLJWBkuEYW,a duck,1
9,R_1ClJWdimptEk3mh,a duck,5
4,R_1FbP3tFJCrAQEDD,a giraffe,5
4,R_29bnfATbJLAoC55,a giraffe,4
7,R_Cmog5boCguFbWtb,a giraffe,2
4,R_2Xp2RDmxR1aa2DY,a giraffe,1
3,R_1OxIRypHy2GHyfy,a giraffe,1
4,R_3EHd2XwtQFFhHgd,a giraffe,1
9,R_1n0JwmUrJ2Nnxlb,a giraffe,1
3,R_2CepCHVDEKZy4Dw,a giraffe,1
7,R_9pJszzAogLdUhVL,a giraffe,2
3,R_2ARnVeYevtVN5ZN,a giraffe,2
3,R_2Y3UAbs88BX2lbJ,a giraffe,1
7,R_1LimYCRh7COJoxO,a giraffe,1
3,R_1EYbCYd95yxc6cA,a giraffe,1
8,R_27q8HA5iTj8MJ8L,a giraffe,1
3,R_1jVAe2AL4LCWqJg,a giraffe,2
6,R_eM2x5BdhWPqKGB3,a giraffe,1
3,R_3j9HJbkBrEQYPJY,a giraffe,1
9,R_29p76St8e8HAXqk,a giraffe,3
6,R_01zhARIbhgNAUZr,a giraffe,1
3,R_1LUNYpVRS1X6VE5,a giraffe,2
4,R_3si8pgkUnJyGBW6,a giraffe,4
6,R_1kOoSGsZYQ2Y6fE,a giraffe,1
9,R_2TQTz8Yxu8zNlSi,a giraffe,3
6,R_1GWxBMbZunxtYL4,a giraffe,2
5,R_xtGPyL98hHU0JKV,a giraffe,1
5,R_9yLZ3SAHkFVFwhH,a giraffe,2
5,R_PBvXw2hc7xtn3zP,a giraffe,2
2,R_3HqqGVlrhrZ6rt3,a giraffe,1
6,R_TiLhKAC5h15j3cB,a giraffe,2
4,R_1JFlndlE0dEtWUS,a giraffe,1
10,R_5szVFoyNO6O1wiZ,a giraffe,2
6,R_3ELmuTGe6sfdQUh,a giraffe,3
8,R_1kOg8DdxQL7bxcn,a giraffe,4
6,R_2fs4bByv38E4UJv,a giraffe,2
7,R_uyxIoOJAwOPGVgd,a giraffe,3
9,R_2bZyNXHwQ6UkDO8,a giraffe,2
6,R_1Lv2WZLUlVIfNuK,a giraffe,1
5,R_2c6MQdA38IH0nVM,a giraffe,1
3,R_3et8yFlpDIjgJ2M,a giraffe,2
4,R_yWmBiU5Ruql1N6N,a giraffe,2
4,R_22XQpedTwJiOEk1,a giraffe,1
8,R_tG4R7fTti1iEERX,a giraffe,2
4,R_2ZKSuUPKm4kLzjA,a giraffe,2
7,R_2CpMgusmidE8tCx,a giraffe,1
6,R_33r9gLd6qAc4mx3,a giraffe,2
6,R_1OJD31Pkio2KnDk,a giraffe,1
5,R_0DHlRrTBJyUPVxD,a giraffe,2
6,R_pQMnmdW9IxpfNxT,a giraffe,1
7,R_2TS1O7AXpM8Fc3M,a giraffe,1
6,R_3fWcTCLJWBkuEYW,a giraffe,1
9,R_1ClJWdimptEk3mh,a giraffe,4
4,R_1FbP3tFJCrAQEDD,a lion,5
4,R_29bnfATbJLAoC55,a lion,4
7,R_Cmog5boCguFbWtb,a lion,2
4,R_2Xp2RDmxR1aa2DY,a lion,2
3,R_1OxIRypHy2GHyfy,a lion,1
4,R_3EHd2XwtQFFhHgd,a lion,1
9,R_1n0JwmUrJ2Nnxlb,a lion,2
3,R_2CepCHVDEKZy4Dw,a lion,1
7,R_9pJszzAogLdUhVL,a lion,2
3,R_2ARnVeYevtVN5ZN,a lion,1
3,R_2Y3UAbs88BX2lbJ,a lion,1
7,R_1LimYCRh7COJoxO,a lion,2
3,R_1EYbCYd95yxc6cA,a lion,2
8,R_27q8HA5iTj8MJ8L,a lion,2
3,R_1jVAe2AL4LCWqJg,a lion,3
6,R_eM2x5BdhWPqKGB3,a lion,1
3,R_3j9HJbkBrEQYPJY,a lion,1
9,R_29p76St8e8HAXqk,a lion,3
6,R_01zhARIbhgNAUZr,a lion,1
3,R_1LUNYpVRS1X6VE5,a lion,3
4,R_3si8pgkUnJyGBW6,a lion,4
6,R_1kOoSGsZYQ2Y6fE,a lion,1
9,R_2TQTz8Yxu8zNlSi,a lion,4
6,R_1GWxBMbZunxtYL4,a lion,2
5,R_xtGPyL98hHU0JKV,a lion,1
5,R_9yLZ3SAHkFVFwhH,a lion,3
5,R_PBvXw2hc7xtn3zP,a lion,1
2,R_3HqqGVlrhrZ6rt3,a lion,1
6,R_TiLhKAC5h15j3cB,a lion,2
4,R_1JFlndlE0dEtWUS,a lion,1
10,R_5szVFoyNO6O1wiZ,a lion,2
6,R_3ELmuTGe6sfdQUh,a lion,2
8,R_1kOg8DdxQL7bxcn,a lion,3
6,R_2fs4bByv38E4UJv,a lion,3
7,R_uyxIoOJAwOPGVgd,a lion,3
9,R_2bZyNXHwQ6UkDO8,a lion,2
6,R_1Lv2WZLUlVIfNuK,a lion,2
5,R_2c6MQdA38IH0nVM,a lion,3
3,R_3et8yFlpDIjgJ2M,a lion,1
4,R_yWmBiU5Ruql1N6N,a lion,1
4,R_22XQpedTwJiOEk1,a lion,1
8,R_tG4R7fTti1iEERX,a lion,2
4,R_2ZKSuUPKm4kLzjA,a lion,2
7,R_2CpMgusmidE8tCx,a lion,4
6,R_33r9gLd6qAc4mx3,a lion,3
6,R_1OJD31Pkio2KnDk,a lion,1
5,R_0DHlRrTBJyUPVxD,a lion,1
6,R_pQMnmdW9IxpfNxT,a lion,2
7,R_2TS1O7AXpM8Fc3M,a lion,2
6,R_3fWcTCLJWBkuEYW,a lion,1
9,R_1ClJWdimptEk3mh,a lion,4
4,R_1FbP3tFJCrAQEDD,a monkey,5
4,R_29bnfATbJLAoC55,a monkey,1
7,R_Cmog5boCguFbWtb,a monkey,1
4,R_2Xp2RDmxR1aa2DY,a monkey,3
3,R_1OxIRypHy2GHyfy,a monkey,1
4,R_3EHd2XwtQFFhHgd,a monkey,1
9,R_1n0JwmUrJ2Nnxlb,a monkey,2
3,R_2CepCHVDEKZy4Dw,a monkey,1
7,R_9pJszzAogLdUhVL,a monkey,2
3,R_2ARnVeYevtVN5ZN,a monkey,1
3,R_2Y3UAbs88BX2lbJ,a monkey,1
7,R_1LimYCRh7COJoxO,a monkey,2
3,R_1EYbCYd95yxc6cA,a monkey,1
8,R_27q8HA5iTj8MJ8L,a monkey,3
3,R_1jVAe2AL4LCWqJg,a monkey,3
6,R_eM2x5BdhWPqKGB3,a monkey,1
3,R_3j9HJbkBrEQYPJY,a monkey,1
9,R_29p76St8e8HAXqk,a monkey,4
6,R_01zhARIbhgNAUZr,a monkey,1
3,R_1LUNYpVRS1X6VE5,a monkey,1
4,R_3si8pgkUnJyGBW6,a monkey,3
6,R_1kOoSGsZYQ2Y6fE,a monkey,1
9,R_2TQTz8Yxu8zNlSi,a monkey,4
6,R_1GWxBMbZunxtYL4,a monkey,2
5,R_xtGPyL98hHU0JKV,a monkey,1
5,R_9yLZ3SAHkFVFwhH,a monkey,2
5,R_PBvXw2hc7xtn3zP,a monkey,2
2,R_3HqqGVlrhrZ6rt3,a monkey,1
6,R_TiLhKAC5h15j3cB,a monkey,2
4,R_1JFlndlE0dEtWUS,a monkey,2
10,R_5szVFoyNO6O1wiZ,a monkey,2
6,R_3ELmuTGe6sfdQUh,a monkey,2
8,R_1kOg8DdxQL7bxcn,a monkey,2
6,R_2fs4bByv38E4UJv,a monkey,2
7,R_uyxIoOJAwOPGVgd,a monkey,3
9,R_2bZyNXHwQ6UkDO8,a monkey,2
6,R_1Lv2WZLUlVIfNuK,a monkey,1
5,R_2c6MQdA38IH0nVM,a monkey,2
3,R_3et8yFlpDIjgJ2M,a monkey,2
4,R_yWmBiU5Ruql1N6N,a monkey,2
4,R_22XQpedTwJiOEk1,a monkey,1
8,R_tG4R7fTti1iEERX,a monkey,2
4,R_2ZKSuUPKm4kLzjA,a monkey,1
7,R_2CpMgusmidE8tCx,a monkey,4
6,R_33r9gLd6qAc4mx3,a monkey,2
6,R_1OJD31Pkio2KnDk,a monkey,1
5,R_0DHlRrTBJyUPVxD,a monkey,1
6,R_pQMnmdW9IxpfNxT,a monkey,2
7,R_2TS1O7AXpM8Fc3M,a monkey,1
6,R_3fWcTCLJWBkuEYW,a monkey,1
9,R_1ClJWdimptEk3mh,a monkey,4
4,R_1FbP3tFJCrAQEDD,a panda,5
4,R_29bnfATbJLAoC55,a panda,1
7,R_Cmog5boCguFbWtb,a panda,2
4,R_2Xp2RDmxR1aa2DY,a panda,1
3,R_1OxIRypHy2GHyfy,a panda,1
4,R_3EHd2XwtQFFhHgd,a panda,1
9,R_1n0JwmUrJ2Nnxlb,a panda,1
3,R_2CepCHVDEKZy4Dw,a panda,1
7,R_9pJszzAogLdUhVL,a panda,2
3,R_2ARnVeYevtVN5ZN,a panda,1
3,R_2Y3UAbs88BX2lbJ,a panda,1
7,R_1LimYCRh7COJoxO,a panda,1
3,R_1EYbCYd95yxc6cA,a panda,3
8,R_27q8HA5iTj8MJ8L,a panda,1
3,R_1jVAe2AL4LCWqJg,a panda,2
6,R_eM2x5BdhWPqKGB3,a panda,1
3,R_3j9HJbkBrEQYPJY,a panda,4
9,R_29p76St8e8HAXqk,a panda,2
6,R_01zhARIbhgNAUZr,a panda,1
3,R_1LUNYpVRS1X6VE5,a panda,1
4,R_3si8pgkUnJyGBW6,a panda,3
6,R_1kOoSGsZYQ2Y6fE,a panda,1
9,R_2TQTz8Yxu8zNlSi,a panda,3
6,R_1GWxBMbZunxtYL4,a panda,2
5,R_xtGPyL98hHU0JKV,a panda,1
5,R_9yLZ3SAHkFVFwhH,a panda,2
5,R_PBvXw2hc7xtn3zP,a panda,1
2,R_3HqqGVlrhrZ6rt3,a panda,1
6,R_TiLhKAC5h15j3cB,a panda,1
4,R_1JFlndlE0dEtWUS,a panda,3
10,R_5szVFoyNO6O1wiZ,a panda,2
6,R_3ELmuTGe6sfdQUh,a panda,2
8,R_1kOg8DdxQL7bxcn,a panda,3
6,R_2fs4bByv38E4UJv,a panda,1
7,R_uyxIoOJAwOPGVgd,a panda,2
9,R_2bZyNXHwQ6UkDO8,a panda,2
6,R_1Lv2WZLUlVIfNuK,a panda,1
5,R_2c6MQdA38IH0nVM,a panda,1
3,R_3et8yFlpDIjgJ2M,a panda,2
4,R_yWmBiU5Ruql1N6N,a panda,1
4,R_22XQpedTwJiOEk1,a panda,1
8,R_tG4R7fTti1iEERX,a panda,1
4,R_2ZKSuUPKm4kLzjA,a panda,1
7,R_2CpMgusmidE8tCx,a panda,1
6,R_33r9gLd6qAc4mx3,a panda,1
6,R_1OJD31Pkio2KnDk,a panda,1
5,R_0DHlRrTBJyUPVxD,a panda,1
6,R_pQMnmdW9IxpfNxT,a panda,1
7,R_2TS1O7AXpM8Fc3M,a panda,1
6,R_3fWcTCLJWBkuEYW,a panda,1
9,R_1ClJWdimptEk3mh,a panda,5
4,R_1FbP3tFJCrAQEDD,a truck,5
4,R_29bnfATbJLAoC55,a truck,1
7,R_Cmog5boCguFbWtb,a truck,3
4,R_2Xp2RDmxR1aa2DY,a truck,4
3,R_1OxIRypHy2GHyfy,a truck,2
4,R_3EHd2XwtQFFhHgd,a truck,2
9,R_1n0JwmUrJ2Nnxlb,a truck,2
3,R_2CepCHVDEKZy4Dw,a truck,2
7,R_9pJszzAogLdUhVL,a truck,2
3,R_2ARnVeYevtVN5ZN,a truck,1
3,R_2Y3UAbs88BX2lbJ,a truck,1
7,R_1LimYCRh7COJoxO,a truck,1
3,R_1EYbCYd95yxc6cA,a truck,1
8,R_27q8HA5iTj8MJ8L,a truck,3
3,R_1jVAe2AL4LCWqJg,a truck,3
6,R_eM2x5BdhWPqKGB3,a truck,1
3,R_3j9HJbkBrEQYPJY,a truck,4
9,R_29p76St8e8HAXqk,a truck,3
6,R_01zhARIbhgNAUZr,a truck,2
3,R_1LUNYpVRS1X6VE5,a truck,1
4,R_3si8pgkUnJyGBW6,a truck,3
6,R_1kOoSGsZYQ2Y6fE,a truck,1
9,R_2TQTz8Yxu8zNlSi,a truck,3
6,R_1GWxBMbZunxtYL4,a truck,3
5,R_xtGPyL98hHU0JKV,a truck,3
5,R_9yLZ3SAHkFVFwhH,a truck,4
5,R_PBvXw2hc7xtn3zP,a truck,2
2,R_3HqqGVlrhrZ6rt3,a truck,1
6,R_TiLhKAC5h15j3cB,a truck,3
4,R_1JFlndlE0dEtWUS,a truck,1
10,R_5szVFoyNO6O1wiZ,a truck,3
6,R_3ELmuTGe6sfdQUh,a truck,3
8,R_1kOg8DdxQL7bxcn,a truck,1
6,R_2fs4bByv38E4UJv,a truck,3
7,R_uyxIoOJAwOPGVgd,a truck,3
9,R_2bZyNXHwQ6UkDO8,a truck,2
6,R_1Lv2WZLUlVIfNuK,a truck,4
5,R_2c6MQdA38IH0nVM,a truck,3
3,R_3et8yFlpDIjgJ2M,a truck,1
4,R_yWmBiU5Ruql1N6N,a truck,1
4,R_22XQpedTwJiOEk1,a truck,2
8,R_tG4R7fTti1iEERX,a truck,2
4,R_2ZKSuUPKm4kLzjA,a truck,1
7,R_2CpMgusmidE8tCx,a truck,4
6,R_33r9gLd6qAc4mx3,a truck,1
6,R_1OJD31Pkio2KnDk,a truck,1
5,R_0DHlRrTBJyUPVxD,a truck,3
6,R_pQMnmdW9IxpfNxT,a truck,4
7,R_2TS1O7AXpM8Fc3M,a truck,3
6,R_3fWcTCLJWBkuEYW,a truck,1
9,R_1ClJWdimptEk3mh,a truck,5
