StartDate,EndDate,Status,IPAddress,Progress,Duration (in seconds),Finished,RecordedDate,ResponseId,RecipientLastName,RecipientFirstName,RecipientEmail,ExternalReference,LocationLatitude,LocationLongitude,DistributionChannel,UserLanguage,Q8,Q14,Q16,Q22,Q3_1,Q3_2,Q3_3,Q3_4,Q3_5,Q3_6,Q3_7,Q3_8,Q3_9,Q3_10,Q3_11,Q3_12,Q3_13,Q3_14,Q3_15,Q3_16,Q3_17,Q3_18,Q3_19,Q3_20,Q3_21,Q3_22,Q3_23,Q3_24,Q3_25,Q3_26,Q3_27,Q3_28,Q3_29,Q3_30,Q3_31,Q3_32,Q3_33,Q3_34,Q3_35,Q3_36,Q3_37,Q3_38,Q3_39,Q3_40,Q3_41,Q3_42,Q3_43,Q3_44,Q3_45,Q3_46,Q3_47,Q3_48,Q3_49,Q3_50,Q3_51,Q3_52,Q3_53,Q3_54,Q3_55,Q3_56,Q17,Q18,PROLIFIC_PID,Create New Field or Choose From Dropdown...
Start Date,End Date,Response Type,IP Address,Progress,Duration (in seconds),Finished,Recorded Date,Response ID,Recipient Last Name,Recipient First Name,Recipient Email,External Data Reference,Location Latitude,Location Longitude,Distribution Channel,User Language,I consent to participate in this study.,Are you a parent of a child between the ages of 2 and 10?,"How old (in years) is your child right now? (If you have more than one child, please select one for the purposes of this survey and answer about them)",Please enter your Prolific ID.,How often has your child drawn.. - a bear,How often has your child drawn.. - a sheep,How often has your child drawn.. - a camel,How often has your child drawn.. - a tiger,How often has your child drawn.. - a whale,How often has your child drawn.. - a cow,How often has your child drawn.. - an elephant,How often has your child drawn.. - an octopus,How often has your child drawn.. - a frog,How often has your child drawn.. - a bee,How often has your child drawn.. - a spider,How often has your child drawn.. - a piano,How often has your child drawn.. - a chair,How often has your child drawn.. - a couch,How often has your child drawn.. - a cactus,How often has your child drawn.. - a bowl,How often has your child drawn.. - a key,How often has your child drawn.. - a phone,How often has your child drawn.. - a scissors,How often has your child drawn.. - a bottle,How often has your child drawn.. - a hat,How often has your child drawn.. - a lamp,How often has your child drawn.. - a watch,How often has your child drawn.. - an apple,How often has your child drawn.. - an ice cream,How often has your child drawn.. - a clock,How often has your child drawn.. - a mushroom,How often has your child drawn.. - a bike,How often has your child drawn.. - an airplane,How often has your child drawn.. - a bird,How often has your child drawn.. - a cat,How often has your child drawn.. - a rabbit,How often has your child drawn.. - a face,How often has your child drawn.. - a hand,How often has your child drawn.. - a horse,How often has your child drawn.. - a person,How often has your child drawn.. - a dog,How often has your child drawn.. - a fish,How often has your child drawn.. - a snail,How often has your child drawn.. - a bed,How often has your child drawn.. - a house,How often has your child drawn.. - a tree,How often has your child drawn.. - a cup,How often has your child drawn.. - a book,How often has your child drawn.. - a TV,How often has your child drawn.. - a boat,How often has your child drawn.. - a car,How often has your child drawn.. - a train,How often has your child drawn.. - a crab,How often has your child drawn.. - a crocodile,How often has your child drawn.. - a duck,How often has your child drawn.. - a giraffe,How often has your child drawn.. - a lion,How often has your child drawn.. - a monkey,How often has your child drawn.. - a panda,How often has your child drawn.. - a truck,What task did you just complete?,Do you have any comments about this survey?,PROLIFIC_PID,Create New Field or Choose From Dropdown...
"{""ImportId"":""startDate"",""timeZone"":""America/Denver""}","{""ImportId"":""endDate"",""timeZone"":""America/Denver""}","{""ImportId"":""status""}","{""ImportId"":""ipAddress""}","{""ImportId"":""progress""}","{""ImportId"":""duration""}","{""ImportId"":""finished""}","{""ImportId"":""recordedDate"",""timeZone"":""America/Denver""}","{""ImportId"":""_recordId""}","{""ImportId"":""recipientLastName""}","{""ImportId"":""recipientFirstName""}","{""ImportId"":""recipientEmail""}","{""ImportId"":""externalDataReference""}","{""ImportId"":""locationLatitude""}","{""ImportId"":""locationLongitude""}","{""ImportId"":""distributionChannel""}","{""ImportId"":""userLanguage""}","{""ImportId"":""QID8""}","{""ImportId"":""QID15""}","{""ImportId"":""QID17_TEXT""}","{""ImportId"":""QID23_TEXT""}","{""ImportId"":""QID3_57""}","{""ImportId"":""QID3_58""}","{""ImportId"":""QID3_59""}","{""ImportId"":""QID3_60""}","{""ImportId"":""QID3_61""}","{""ImportId"":""QID3_62""}","{""ImportId"":""QID3_63""}","{""ImportId"":""QID3_64""}","{""ImportId"":""QID3_65""}","{""ImportId"":""QID3_66""}","{""ImportId"":""QID3_67""}","{""ImportId"":""QID3_68""}","{""ImportId"":""QID3_69""}","{""ImportId"":""QID3_70""}","{""ImportId"":""QID3_71""}","{""ImportId"":""QID3_72""}","{""ImportId"":""QID3_73""}","{""ImportId"":""QID3_74""}","{""ImportId"":""QID3_75""}","{""ImportId"":""QID3_76""}","{""ImportId"":""QID3_77""}","{""ImportId"":""QID3_78""}","{""ImportId"":""QID3_79""}","{""ImportId"":""QID3_80""}","{""ImportId"":""QID3_81""}","{""ImportId"":""QID3_82""}","{""ImportId"":""QID3_83""}","{""ImportId"":""QID3_84""}","{""ImportId"":""QID3_85""}","{""ImportId"":""QID3_86""}","{""ImportId"":""QID3_87""}","{""ImportId"":""QID3_88""}","{""ImportId"":""QID3_89""}","{""ImportId"":""QID3_90""}","{""ImportId"":""QID3_91""}","{""ImportId"":""QID3_92""}","{""ImportId"":""QID3_93""}","{""ImportId"":""QID3_94""}","{""ImportId"":""QID3_95""}","{""ImportId"":""QID3_96""}","{""ImportId"":""QID3_97""}","{""ImportId"":""QID3_98""}","{""ImportId"":""QID3_99""}","{""ImportId"":""QID3_100""}","{""ImportId"":""QID3_101""}","{""ImportId"":""QID3_102""}","{""ImportId"":""QID3_103""}","{""ImportId"":""QID3_104""}","{""ImportId"":""QID3_105""}","{""ImportId"":""QID3_106""}","{""ImportId"":""QID3_107""}","{""ImportId"":""QID3_108""}","{""ImportId"":""QID3_109""}","{""ImportId"":""QID3_110""}","{""ImportId"":""QID3_111""}","{""ImportId"":""QID3_112""}","{""ImportId"":""QID18""}","{""ImportId"":""QID19_TEXT""}","{""ImportId"":""PROLIFIC_PID""}","{""ImportId"":""Create New Field or Choose From Dropdown...""}"
2020-07-24 15:19:00,2020-07-24 15:19:37,1,,100,36,1,2020-07-24 15:19:38,R_BrWtoN0iEqrcgFP,,,,,37.4828033447265625,-122.2144012451171875,preview,EN,1,,,,,,,,,,,,,,,,,,,,,,,,,,,,,,,,,,,,,,,,,,,,,,,,,,,,,,,,,,,,,,,
2020-07-24 15:37:38,2020-07-24 15:38:15,1,,100,36,1,2020-07-24 15:38:16,R_2ByrmU98iOOdv3q,,,,,37.4828033447265625,-122.2144012451171875,preview,EN,1,1,6,,,,,,,,,,,,,,,,,,,,,,,,,,,,,,,,,,,,,,,,,,,,,,,,,,,,,,,,,,2,,,
2020-07-24 15:54:36,2020-07-24 15:55:04,1,,100,27,1,2020-07-24 15:55:04,R_1is6sPolA3wcrnT,,,,,37.4828033447265625,-122.2144012451171875,preview,EN,1,1,3,,,,,,,,,,,,,,,,,,,,,,,,,,,,,,,,,,,,,,,,,,,,,,,,,,,,,,,,,,1,asdf,,
2020-07-24 15:56:40,2020-07-24 15:57:35,0,171.66.16.157,100,54,1,2020-07-24 15:57:35,R_1FbP3tFJCrAQEDD,,,,,37.4828033447265625,-122.2144012451171875,anonymous,EN,1,1,4,,5,5,5,5,5,5,5,5,5,5,5,5,5,5,5,5,5,5,5,5,5,5,5,5,5,5,5,5,5,5,5,5,5,5,5,5,5,5,5,5,5,5,5,5,5,5,5,5,5,5,5,5,5,5,5,5,2,,,
2020-08-26 16:57:37,2020-08-26 16:58:09,1,,100,31,1,2020-08-26 16:58:09,R_1hLu3NssGS7ZPxW,,,,,37.4445953369140625,-122.183502197265625,preview,EN,1,1,1,,,,,,,,,,,,,,,,,,,,,,,,,,,,,,,,,,,,,,,,,,,,,,,,,,,,,,,,,,,,,
2020-08-26 17:12:50,2020-08-26 17:12:54,0,73.189.5.234,100,3,1,2020-08-26 17:12:54,R_2wjlBLJUdfU79lU,,,,,37.4445953369140625,-122.183502197265625,anonymous,EN,2,,,,,,,,,,,,,,,,,,,,,,,,,,,,,,,,,,,,,,,,,,,,,,,,,,,,,,,,,,,,,,{{%PROLIFIC_PID%}},
2020-08-26 17:22:58,2020-08-26 17:26:08,0,81.110.18.139,100,189,1,2020-08-26 17:26:08,R_29bnfATbJLAoC55,,,,,52.805206298828125,-2.11639404296875,anonymous,EN,1,1,4,5e95ac5819906c1be7774b57,1,2,1,1,2,2,2,4,3,2,3,1,3,2,2,1,2,1,1,1,3,2,2,3,2,1,2,4,2,3,2,2,5,5,1,4,2,2,1,2,3,4,2,2,2,2,3,4,1,2,1,4,4,1,1,1,2,,5e95ac5819906c1be7774b57,
2020-08-26 17:28:41,2020-08-26 17:32:55,0,76.85.36.109,100,254,1,2020-08-26 17:32:55,R_Cmog5boCguFbWtb,,,,,32.85479736328125,-97.08190155029296875,anonymous,EN,1,1,7,5ed0208ba6b4ed0ee02c1047,2,2,1,3,3,4,3,4,2,2,1,2,2,2,2,2,1,2,1,2,2,1,2,3,2,3,1,3,2,4,4,2,5,3,4,4,4,4,1,4,3,2,2,3,1,2,2,2,4,3,2,2,2,1,2,3,2,,5ed0208ba6b4ed0ee02c1047,
2020-08-26 17:36:09,2020-08-26 17:41:09,0,82.13.151.25,100,299,1,2020-08-26 17:41:09,R_2Xp2RDmxR1aa2DY,,,,,51.527801513671875,-0.4842987060546875,anonymous,EN,1,1,4,5e092da453e846232c08f6c0,4,2,1,3,1,3,1,1,1,3,2,1,2,1,1,3,1,3,1,2,1,1,3,4,4,2,2,3,2,3,3,2,5,4,2,5,4,2,1,3,4,4,3,4,3,3,4,3,1,1,2,1,2,3,1,4,2,"no,lovely survey.thanks",5e092da453e846232c08f6c0,
2020-08-26 17:39:22,2020-08-26 17:42:00,0,87.115.244.250,100,158,1,2020-08-26 17:42:00,R_1OxIRypHy2GHyfy,,,,,51.5511932373046875,0.703399658203125,anonymous,EN,1,1,3,5c0eed20a2f251000137fbce,1,1,1,1,1,1,1,1,1,1,1,1,2,1,1,1,1,1,1,1,1,1,1,1,1,2,1,1,1,1,1,1,3,2,1,3,1,1,1,1,2,1,1,1,1,1,3,1,1,1,1,1,1,1,1,2,2,"I wish my child drew more often! It's just not really his favourite thing to do so his drawing is probably more limited than most kids, he is more into numbers.",5c0eed20a2f251000137fbce,
2020-08-26 17:41:04,2020-08-26 17:43:01,0,195.213.48.243,100,116,1,2020-08-26 17:43:01,R_3EHd2XwtQFFhHgd,,,,,54.81610107421875,-1.3695068359375,anonymous,EN,1,1,4,5df3b08c27130528a41892d0,1,1,1,1,1,1,1,1,1,1,2,1,1,1,1,1,1,1,1,1,1,1,1,1,1,1,1,1,2,2,2,3,4,1,1,2,2,1,1,1,3,1,1,1,1,1,2,1,1,1,1,1,1,1,1,2,2,,5df3b08c27130528a41892d0,
2020-08-26 17:42:43,2020-08-26 17:46:02,0,82.44.242.97,100,199,1,2020-08-26 17:46:02,R_1n0JwmUrJ2Nnxlb,,,,,55.949493408203125,-3.19830322265625,anonymous,EN,1,1,9,593ea0a751244c00013dcf25,3,1,1,1,1,2,2,2,1,1,3,1,1,1,1,1,1,1,1,2,2,1,1,3,3,3,1,2,2,3,2,3,4,3,2,4,3,2,2,1,4,3,1,1,1,3,2,2,2,1,2,1,2,2,1,2,2,,593ea0a751244c00013dcf25,
2020-08-26 17:44:52,2020-08-26 17:46:43,0,185.94.249.212,100,111,1,2020-08-26 17:46:44,R_2CepCHVDEKZy4Dw,,,,,36.66400146484375,-4.5614013671875,anonymous,EN,1,1,3,5c35e6227c152d0001acddbd,1,1,1,1,1,1,1,1,1,1,1,1,1,1,1,1,1,1,1,1,1,1,1,1,1,1,1,1,1,2,1,1,4,3,1,4,1,1,1,1,3,2,1,1,1,1,5,2,1,1,1,1,1,1,1,2,2,,5c35e6227c152d0001acddbd,
2020-08-26 17:44:38,2020-08-26 17:47:49,0,82.19.189.45,100,190,1,2020-08-26 17:47:49,R_9pJszzAogLdUhVL,,,,,51.610107421875,-3.76849365234375,anonymous,EN,1,1,7,5edaf72f0d7fc4767c821b04,3,3,2,2,3,3,4,4,3,4,3,1,2,2,2,3,1,2,1,1,3,2,1,3,3,2,4,3,2,4,4,4,5,1,2,5,4,3,4,1,4,5,2,3,2,2,3,2,2,3,3,2,2,2,2,2,2,,5edaf72f0d7fc4767c821b04,
2020-08-26 17:43:43,2020-08-26 17:49:08,0,2.218.63.167,100,325,1,2020-08-26 17:49:09,R_2ARnVeYevtVN5ZN,,,,,54.5503997802734375,-1.253204345703125,anonymous,EN,1,1,3,5f309d59ead80717e23397f0,1,1,1,1,1,1,1,1,1,1,2,1,1,1,1,1,1,1,1,1,1,1,1,1,1,1,1,1,4,1,2,1,2,2,1,4,2,1,1,1,1,1,1,1,1,3,5,4,1,1,1,2,1,1,1,1,2,My son is 3 but hes turning 4 in September. He shadows his step sister alot and she loves drawing.,5f309d59ead80717e23397f0,
2020-08-26 17:41:16,2020-08-26 17:50:28,0,73.44.107.124,100,551,1,2020-08-26 17:50:28,R_2Y3UAbs88BX2lbJ,,,,,41.9228057861328125,-88.07559967041015625,anonymous,EN,1,1,3,5dc4d5dc32b0ad3935f439a7,1,1,1,1,1,1,1,1,1,1,1,1,1,1,1,1,1,1,1,1,1,1,1,1,1,1,1,1,1,1,1,1,1,1,1,4,1,1,1,1,1,1,1,1,1,1,1,1,1,1,1,1,1,1,1,1,2,"Please note that my daughter loves to draw and scribble, but her only pictures that look like anything are that of people.  That is why I have all those nevers marked in the survey.  ",5dc4d5dc32b0ad3935f439a7,
2020-08-27 16:22:39,2020-08-27 16:25:34,0,94.14.235.14,100,175,1,2020-08-27 16:25:34,R_1LimYCRh7COJoxO,,,,,53.6907958984375,-1.6291046142578125,anonymous,EN,1,1,7,597069324d10cd00014e154d,2,2,2,2,2,1,2,3,2,3,3,1,2,2,1,1,2,2,2,2,2,1,2,4,3,3,1,2,1,3,2,2,4,2,3,3,2,3,2,2,4,3,2,2,3,3,2,2,2,3,2,1,2,2,1,1,2,,597069324d10cd00014e154d,
2020-08-27 16:27:12,2020-08-27 16:29:39,0,92.22.110.99,100,146,1,2020-08-27 16:29:39,R_1EYbCYd95yxc6cA,,,,,53.460601806640625,-2.2572021484375,anonymous,EN,1,1,3,5d876cf6376509001afd3b2d,3,1,1,1,3,1,1,3,1,2,1,1,1,1,1,1,1,1,1,1,1,1,1,1,1,1,1,1,3,1,2,1,5,4,1,5,4,3,4,1,2,2,1,1,1,1,2,2,2,2,1,1,2,1,3,1,2,,5d876cf6376509001afd3b2d,
2020-08-27 16:28:04,2020-08-27 16:32:15,0,80.6.152.154,100,250,1,2020-08-27 16:32:15,R_27q8HA5iTj8MJ8L,,,,,53.2779998779296875,-2.934906005859375,anonymous,EN,1,1,8,5b22fb2738b0be00014157e6,3,1,1,1,2,2,2,2,1,2,3,2,2,1,1,2,2,2,2,2,2,2,1,2,4,3,1,3,2,2,4,2,4,2,2,4,3,2,1,3,4,4,2,3,3,2,4,4,1,1,2,1,2,3,1,3,2,,5b22fb2738b0be00014157e6,
2020-08-27 16:31:14,2020-08-27 16:33:22,0,77.100.33.188,100,128,1,2020-08-27 16:33:22,R_1jVAe2AL4LCWqJg,,,,,51.3488006591796875,-0.0321044921875,anonymous,EN,1,1,3,57c8adc4c6c5ed00013fa2a0,3,3,1,3,1,2,2,2,3,3,1,1,2,2,1,2,2,2,1,2,3,2,2,2,3,2,1,2,3,3,4,3,5,3,2,5,4,3,3,1,3,4,3,3,1,2,2,3,1,2,3,2,3,3,2,3,2,,57c8adc4c6c5ed00013fa2a0,
2020-08-27 16:36:40,2020-08-27 16:40:27,0,90.240.169.91,100,226,1,2020-08-27 16:40:27,R_eM2x5BdhWPqKGB3,,,,,51.387298583984375,-0.15960693359375,anonymous,EN,1,1,6,5e67bcf03f8a34063871ba27,1,1,1,1,1,1,2,1,2,2,1,1,1,1,1,1,1,2,1,1,1,1,1,1,2,1,1,1,1,2,2,1,5,3,1,5,2,1,2,2,2,2,1,1,2,1,2,2,1,1,1,1,1,1,1,1,2,,5e67bcf03f8a34063871ba27,
2020-08-27 16:38:48,2020-08-27 16:41:27,0,176.250.156.52,100,158,1,2020-08-27 16:41:27,R_3j9HJbkBrEQYPJY,,,,,52.3325042724609375,-0.1844024658203125,anonymous,EN,1,1,3,5e9f4ca6f7d44d0da4f85106,1,1,1,1,1,1,1,1,1,1,2,1,1,1,1,1,1,1,1,1,1,1,1,1,1,1,1,2,2,1,2,1,3,1,1,1,2,2,1,1,1,3,1,1,1,1,4,4,1,1,1,1,1,1,4,4,2,,5e9f4ca6f7d44d0da4f85106,
2020-08-27 16:40:22,2020-08-27 16:44:33,0,2.222.226.110,100,251,1,2020-08-27 16:44:33,R_29p76St8e8HAXqk,,,,,53.48089599609375,-2.237396240234375,anonymous,EN,1,1,9,5f34811ac55cee1f223b66ab,3,3,2,2,2,3,2,2,1,4,3,1,3,4,2,3,2,4,3,3,4,2,2,2,3,4,1,3,3,2,2,3,5,3,2,5,4,4,2,4,5,4,4,4,4,3,4,3,3,2,3,3,3,4,2,3,2,,5f34811ac55cee1f223b66ab,
2020-08-27 16:42:34,2020-08-27 16:45:18,0,85.255.233.167,100,164,1,2020-08-27 16:45:18,R_01zhARIbhgNAUZr,,,,,51.49639892578125,-0.122406005859375,anonymous,EN,1,1,6,5eec0b15104faf3c93f433ff,1,1,1,2,1,1,1,1,1,1,3,1,1,1,1,1,1,1,1,1,1,1,1,2,3,1,1,1,1,1,1,1,3,2,2,4,2,1,1,2,1,1,1,2,1,4,1,2,1,1,3,1,1,1,1,2,2,"My child draws a boat relatively often, but we live in a boat. So that may be relevant?
",5eec0b15104faf3c93f433ff,
2020-08-27 16:44:08,2020-08-27 16:45:34,0,94.192.118.31,100,85,1,2020-08-27 16:45:34,R_1LUNYpVRS1X6VE5,,,,,51.0133056640625,-0.3321990966796875,anonymous,EN,1,1,3,5e796b8a1c906f52e486f1ec,1,1,1,1,1,2,3,1,1,1,1,1,1,1,1,1,1,1,1,1,1,1,1,1,4,1,1,1,3,1,4,1,4,1,2,4,1,1,1,2,4,4,1,1,1,4,1,4,1,1,1,2,3,1,1,1,2,,5e796b8a1c906f52e486f1ec,
2020-08-27 16:44:14,2020-08-27 16:47:06,0,176.24.91.112,100,171,1,2020-08-27 16:47:07,R_3si8pgkUnJyGBW6,,,,,51.4405975341796875,-0.14239501953125,anonymous,EN,1,1,"4 ",5f1ec1fb95cef902c294bc02,3,3,3,2,2,3,3,3,4,2,3,3,3,2,2,4,2,3,2,2,3,3,4,4,1,4,3,2,3,3,4,1,2,3,3,3,5,2,2,4,2,2,4,4,4,4,3,2,2,4,3,4,4,3,3,3,2,"Nope
",5f1ec1fb95cef902c294bc02,
2020-08-27 16:47:23,2020-08-27 16:48:52,0,96.77.200.81,100,88,1,2020-08-27 16:48:52,R_1kOoSGsZYQ2Y6fE,,,,,36.861297607421875,-119.76689910888671875,anonymous,EN,1,1,6,5e2de92d8844873da01af947,1,1,1,1,1,1,1,1,1,1,1,1,1,1,1,1,1,1,1,1,1,1,1,1,1,1,1,1,1,1,1,1,4,4,2,4,2,1,1,1,3,3,1,1,1,1,1,1,1,1,1,1,1,1,1,1,2,No,5e2de92d8844873da01af947,
2020-08-27 16:48:24,2020-08-27 16:50:57,0,92.14.82.25,100,152,1,2020-08-27 16:50:57,R_2TQTz8Yxu8zNlSi,,,,,51.357696533203125,1.0637969970703125,anonymous,EN,1,1,9,5ecb7a2d7a32d26eca7526ba,1,1,1,4,3,2,4,2,2,1,3,3,2,2,1,1,1,1,1,1,3,1,1,4,3,2,1,4,4,3,4,2,4,4,2,5,4,3,1,3,3,4,2,4,2,4,3,2,2,3,2,3,4,4,3,3,2,,5ecb7a2d7a32d26eca7526ba,
2020-08-27 16:47:45,2020-08-27 16:51:01,0,31.50.97.90,100,195,1,2020-08-27 16:51:01,R_1GWxBMbZunxtYL4,,,,,50.985992431640625,-3.723297119140625,anonymous,EN,1,1,6,5ecb9bd0542c1d3282ef1394,2,3,1,2,2,2,2,2,2,3,3,1,2,2,1,2,1,1,2,1,3,1,1,1,2,1,1,3,3,4,3,2,5,4,2,5,4,3,2,2,3,3,2,1,2,3,4,3,2,2,2,2,2,2,2,3,2,,5ecb9bd0542c1d3282ef1394,
2020-08-27 16:48:36,2020-08-27 16:51:58,0,151.230.61.189,100,202,1,2020-08-27 16:51:59,R_xtGPyL98hHU0JKV,,,,,53.649993896484375,-1.8166961669921875,anonymous,EN,1,1,5,5f37c2e4566b29022d2e4932,1,1,1,1,1,1,1,2,1,1,2,2,2,1,1,1,1,1,1,1,1,1,1,1,1,1,1,1,2,3,2,1,4,1,1,4,3,1,1,2,4,3,1,1,1,2,4,3,1,1,1,1,1,1,1,3,2,"It's quite hard to remember, and I don't always know what he draws at school or at his dad's house.",5f37c2e4566b29022d2e4932,
2020-08-27 16:49:54,2020-08-27 16:52:10,0,91.110.58.6,100,135,1,2020-08-27 16:52:10,R_9yLZ3SAHkFVFwhH,,,,,53.2996978759765625,-3.748504638671875,anonymous,EN,1,1,5,5b5c474e6bf20e00013f6538,2,2,1,2,4,2,3,3,2,2,4,1,2,4,1,1,1,1,2,1,3,1,2,2,2,2,1,1,2,3,4,2,5,4,2,5,2,4,3,2,4,4,1,2,1,2,3,2,1,2,1,2,3,2,2,4,2,,5b5c474e6bf20e00013f6538,
2020-08-27 16:50:40,2020-08-27 16:52:57,0,92.22.4.139,100,136,1,2020-08-27 16:52:57,R_PBvXw2hc7xtn3zP,,,,,55.830596923828125,-4.2592926025390625,anonymous,EN,1,1,5,5c6460d540c2610001424d3f,1,1,1,1,1,1,2,1,1,1,2,1,2,2,2,1,1,1,1,1,3,1,1,1,2,2,1,1,1,3,2,1,4,4,2,4,2,2,2,2,4,4,1,2,2,2,2,2,1,1,2,2,1,2,1,2,2,No,5c6460d540c2610001424d3f,
2020-08-27 16:51:28,2020-08-27 16:53:29,0,84.65.253.99,100,120,1,2020-08-27 16:53:29,R_3HqqGVlrhrZ6rt3,,,,,52.4391021728515625,-1.50390625,anonymous,EN,1,1,2,5bffa70d85c391000156f2be,1,1,1,1,1,1,1,1,1,1,1,1,1,1,1,1,1,1,1,1,1,1,1,1,1,2,1,2,1,1,1,1,2,3,1,2,1,1,1,1,1,1,1,1,1,1,3,1,1,1,1,1,1,1,1,1,2,,5bffa70d85c391000156f2be,
2020-08-27 16:52:15,2020-08-27 16:54:25,0,5.70.124.220,100,129,1,2020-08-27 16:54:25,R_TiLhKAC5h15j3cB,,,,,51.36669921875,1.4499969482421875,anonymous,EN,1,1,6,5eea1eb3821bde0ccc9bc511,2,1,1,1,1,1,1,2,1,2,2,1,2,1,1,2,2,1,2,1,4,2,1,2,2,2,1,3,2,4,3,1,5,3,3,5,3,3,1,3,4,4,3,2,2,2,3,2,1,1,3,2,2,2,1,3,2,,5eea1eb3821bde0ccc9bc511,
2020-08-27 16:49:18,2020-08-27 16:55:17,0,67.182.10.168,100,359,1,2020-08-27 16:55:18,R_1JFlndlE0dEtWUS,,,,,38.6967010498046875,-121.3130035400390625,anonymous,EN,1,1,4,5eba25df889d221614c40e5f,2,1,1,1,2,2,2,1,2,1,1,1,3,3,2,2,1,2,2,1,3,1,1,3,1,3,1,3,1,3,4,2,5,3,3,4,3,3,2,3,4,3,3,3,3,3,3,1,3,1,1,1,1,2,3,1,2,,5eba25df889d221614c40e5f,
2020-08-27 16:54:00,2020-08-27 17:02:34,0,2.100.167.194,100,513,1,2020-08-27 17:02:34,R_5szVFoyNO6O1wiZ,,,,,50.830902099609375,-0.1634979248046875,anonymous,EN,1,1,10,5ec792868197ce1f5d9c9846,1,1,1,2,1,3,3,1,1,2,3,1,2,1,1,1,1,2,1,1,1,1,1,1,2,3,1,1,2,2,4,1,5,2,2,4,1,1,2,2,4,4,2,1,5,2,4,4,1,2,3,2,2,2,2,3,2,,5ec792868197ce1f5d9c9846,
2020-08-28 11:22:04,2020-08-28 11:24:50,0,78.105.21.247,100,166,1,2020-08-28 11:24:51,R_3ELmuTGe6sfdQUh,,,,,54.67840576171875,-5.9694976806640625,anonymous,EN,1,1,6,5ee531ca5f4c6f0be142ded4,1,3,1,3,1,3,2,1,3,3,2,1,2,2,2,1,2,3,1,3,3,2,3,2,2,3,2,4,4,4,3,2,4,3,3,5,3,3,3,3,4,4,3,3,3,3,4,2,3,4,3,3,2,2,2,3,2,,5ee531ca5f4c6f0be142ded4,
2020-08-28 11:26:28,2020-08-28 11:29:25,0,86.19.226.70,100,176,1,2020-08-28 11:29:25,R_1kOg8DdxQL7bxcn,,,,,52.9994049072265625,-1.131805419921875,anonymous,EN,1,1,8,5ebed508d216ee133467bd31,2,1,1,2,3,2,3,3,3,4,2,1,3,1,3,3,1,2,2,1,3,1,1,3,3,2,2,1,1,3,4,3,4,4,2,4,3,2,2,2,3,4,2,2,1,2,2,1,3,2,2,4,3,2,3,1,2,,5ebed508d216ee133467bd31,
2020-08-28 11:30:27,2020-08-28 11:33:32,0,8.42.183.247,100,184,1,2020-08-28 11:33:33,R_2fs4bByv38E4UJv,,,,,32.6204986572265625,-90.006103515625,anonymous,EN,1,1,6,5dcef809332b34042dcb2189,2,2,1,2,2,1,2,1,1,2,2,2,3,1,1,1,1,1,1,1,3,1,1,3,3,2,1,2,2,3,3,3,4,3,2,4,3,2,1,3,4,3,3,3,2,1,3,2,1,2,1,2,3,2,1,3,2,,5dcef809332b34042dcb2189,
2020-08-28 11:31:48,2020-08-28 11:34:07,0,92.237.4.57,100,139,1,2020-08-28 11:34:07,R_uyxIoOJAwOPGVgd,,,,,52.5876007080078125,-1.9828033447265625,anonymous,EN,1,1,7,5d9ce87ef93dba0013e68c3a,3,3,2,3,2,3,3,3,2,3,3,2,3,2,3,2,2,3,2,2,3,2,2,3,4,3,2,3,3,3,4,3,5,3,3,5,4,3,2,3,4,4,3,3,2,3,4,4,3,3,3,3,3,3,2,3,2,,5d9ce87ef93dba0013e68c3a,
2020-08-28 11:32:55,2020-08-28 11:35:57,0,94.4.115.246,100,181,1,2020-08-28 11:35:57,R_2bZyNXHwQ6UkDO8,,,,,53.8108978271484375,-1.636993408203125,anonymous,EN,1,1,9,5f319e7444b446088f36a640,3,2,1,2,2,2,2,2,2,2,5,1,2,1,3,2,2,1,2,2,4,2,2,1,2,2,1,2,3,2,3,3,5,3,2,5,4,3,3,3,4,3,2,2,3,3,4,4,2,3,2,2,2,2,2,2,2,no,5f319e7444b446088f36a640,
2020-08-28 11:33:35,2020-08-28 11:38:07,0,92.14.9.67,100,271,1,2020-08-28 11:38:07,R_1Lv2WZLUlVIfNuK,,,,,51.81640625,-0.3572998046875,anonymous,EN,1,1,6,5ee918138ebaec11a52bb459,1,2,1,1,1,1,2,2,1,2,3,1,4,1,1,2,1,2,1,2,2,1,1,3,3,2,1,2,4,4,3,2,5,4,2,5,3,3,1,3,4,3,2,3,2,3,4,4,1,2,1,1,2,1,1,4,2,,5ee918138ebaec11a52bb459,
2020-08-28 11:35:43,2020-08-28 11:38:36,0,82.26.248.29,100,172,1,2020-08-28 11:38:36,R_2c6MQdA38IH0nVM,,,,,52.6280975341796875,1.28619384765625,anonymous,EN,1,1,5,5c8fc2bd9b8be600019bc3d9,3,3,1,1,1,1,3,2,2,3,1,1,3,3,1,3,1,2,1,2,4,4,1,3,3,3,1,3,3,3,4,5,4,3,2,5,5,4,2,3,4,5,3,2,2,3,4,3,1,1,3,1,3,2,1,3,2,,5c8fc2bd9b8be600019bc3d9,
2020-08-28 11:37:01,2020-08-28 11:39:08,0,83.36.131.141,100,127,1,2020-08-28 11:39:09,R_3et8yFlpDIjgJ2M,,,,,40.3618011474609375,-4.3983001708984375,anonymous,EN,1,1,3,5df0f079ee22a813619383de,1,2,1,1,1,2,1,1,1,1,1,1,2,1,1,1,2,3,1,1,1,3,2,2,1,4,1,4,3,4,2,1,1,1,1,5,3,1,1,2,3,3,1,3,3,2,4,1,1,1,1,2,1,2,2,1,2,,5df0f079ee22a813619383de,
2020-08-28 11:35:34,2020-08-28 11:39:18,0,109.147.205.78,100,224,1,2020-08-28 11:39:18,R_yWmBiU5Ruql1N6N,,,,,52.2445068359375,0.718597412109375,anonymous,EN,1,1,4,56051814e372c00011bd556a,2,2,1,1,1,1,2,1,1,2,2,1,2,2,1,2,1,2,1,2,2,1,1,1,2,1,1,2,2,4,3,2,4,3,3,4,2,3,2,2,4,4,2,2,1,2,3,2,1,2,1,2,1,2,1,1,2,,56051814e372c00011bd556a,
2020-08-28 11:37:28,2020-08-28 11:39:45,0,51.19.54.46,100,136,1,2020-08-28 11:39:45,R_22XQpedTwJiOEk1,,,,,53.812896728515625,-1.790802001953125,anonymous,EN,1,1,4,5ce1d945feca32001bf94623,1,2,1,1,1,1,2,1,1,4,1,1,2,1,1,1,1,1,1,1,3,1,1,1,1,1,1,3,1,3,4,4,5,4,1,5,4,4,3,1,4,3,3,1,1,1,4,1,1,2,1,1,1,1,1,2,,,5ce1d945feca32001bf94623,
2020-08-28 11:39:21,2020-08-28 11:42:34,0,86.139.155.237,100,193,1,2020-08-28 11:42:34,R_tG4R7fTti1iEERX,,,,,51.1670074462890625,0.2382965087890625,anonymous,EN,1,1,8,5f28628f84fdad16f9b449a5,2,2,1,2,1,2,2,1,3,2,2,1,2,2,1,1,1,3,1,1,3,1,1,2,3,3,1,3,2,3,2,2,4,4,3,4,4,3,2,2,4,4,1,3,1,3,3,3,2,1,1,2,2,2,1,2,2,,5f28628f84fdad16f9b449a5,
2020-08-28 11:40:00,2020-08-28 11:42:43,0,80.192.66.6,100,162,1,2020-08-28 11:42:43,R_2ZKSuUPKm4kLzjA,,,,,51.453399658203125,-2.5077056884765625,anonymous,EN,1,1,4,5f39ac44995bab13ece3b0ba,1,1,1,1,1,1,1,2,1,2,3,1,1,1,1,1,1,1,1,1,2,1,1,1,3,3,1,1,3,3,2,1,4,3,1,3,3,3,2,1,2,2,1,1,1,1,1,4,2,1,2,2,2,1,1,1,2,N/A,5f39ac44995bab13ece3b0ba,
2020-08-28 11:41:18,2020-08-28 11:42:54,0,2.222.80.107,100,95,1,2020-08-28 11:42:54,R_2CpMgusmidE8tCx,,,,,52.5735931396484375,-2.1136932373046875,anonymous,EN,1,1,7,5bfefb17e470190001ab7d06,4,1,1,4,2,3,4,1,1,2,3,1,1,3,2,2,1,4,1,3,1,2,1,4,1,1,1,2,3,1,5,1,3,3,1,4,4,3,2,4,4,4,1,4,4,3,4,3,2,2,1,1,4,4,1,4,2,,5bfefb17e470190001ab7d06,
2020-08-28 11:42:03,2020-08-28 11:44:15,0,84.250.4.224,100,131,1,2020-08-28 11:44:15,R_33r9gLd6qAc4mx3,,,,,65.0258941650390625,25.478607177734375,anonymous,EN,1,1,6,5c34548ed4f77a0001a91c0c,1,1,1,2,1,2,1,1,3,2,1,1,2,2,1,2,2,2,3,1,3,2,1,2,4,2,1,3,1,4,5,4,5,5,4,5,3,3,1,3,4,3,1,2,2,2,1,2,1,1,3,2,3,2,1,1,2,,5c34548ed4f77a0001a91c0c,
2020-08-28 11:41:50,2020-08-28 11:44:20,0,5.68.18.246,100,149,1,2020-08-28 11:44:20,R_1OJD31Pkio2KnDk,,,,,52.2093048095703125,0.148193359375,anonymous,EN,1,1,6,5b65e0dad458c00001e52a8f,1,1,1,1,1,1,1,1,1,1,1,1,3,2,1,1,1,1,2,2,2,1,2,3,3,3,1,3,1,1,1,3,2,1,1,2,5,1,2,4,2,3,4,3,2,1,1,2,1,1,1,1,1,1,1,1,1,,5b65e0dad458c00001e52a8f,
2020-08-28 11:42:25,2020-08-28 11:45:14,0,67.7.0.251,100,169,1,2020-08-28 11:45:15,R_0DHlRrTBJyUPVxD,,,,,32.1094970703125,-95.334197998046875,anonymous,EN,1,1,5,5d42407c2de85600173b5f1e,3,2,1,2,1,2,2,2,3,3,2,1,3,2,1,2,1,1,1,2,2,1,2,3,2,1,2,1,3,4,3,3,5,4,3,5,3,3,2,4,4,4,2,1,1,3,3,2,2,1,2,2,1,1,1,3,2,"none, thank you! :)",5d42407c2de85600173b5f1e,
2020-08-28 11:40:09,2020-08-28 11:45:53,0,5.64.25.14,100,343,1,2020-08-28 11:45:53,R_pQMnmdW9IxpfNxT,,,,,54.557098388671875,-3.590301513671875,anonymous,EN,1,1,6,59efd2b3d838ae000185123a,2,2,1,3,1,2,2,2,2,1,4,1,3,3,1,1,2,2,1,1,2,2,1,2,3,1,1,4,2,2,4,2,4,3,3,5,4,2,1,3,4,3,2,3,3,2,4,3,1,3,1,1,2,2,1,4,2,,59efd2b3d838ae000185123a,
2020-08-28 11:42:49,2020-08-28 11:45:56,0,79.68.56.129,100,186,1,2020-08-28 11:45:56,R_2TS1O7AXpM8Fc3M,,,,,52.1114959716796875,0.5045013427734375,anonymous,EN,1,1,7,59a5ceaccdf3820001654951,1,2,1,2,2,2,1,2,3,2,4,1,3,1,2,1,1,1,1,1,2,1,1,2,4,2,1,3,4,3,3,3,5,3,2,5,3,3,3,2,4,4,1,2,3,3,4,4,2,1,2,1,2,1,1,3,2,,59a5ceaccdf3820001654951,
2020-08-28 11:38:23,2020-08-28 11:46:02,0,82.22.93.79,100,458,1,2020-08-28 11:46:02,R_3fWcTCLJWBkuEYW,,,,,52.1072998046875,-0.46490478515625,anonymous,EN,1,1,6,5ca3b49f96f1eb0001a3e66e,1,1,1,1,1,3,1,1,1,4,3,1,1,1,1,3,3,1,3,1,1,1,1,3,1,4,1,3,1,3,1,4,5,4,1,5,1,4,1,1,4,4,2,3,2,1,3,1,1,1,1,1,1,1,1,1,2,,5ca3b49f96f1eb0001a3e66e,
2020-08-28 11:39:42,2020-08-28 11:46:17,0,90.217.89.217,100,394,1,2020-08-28 11:46:17,R_1ClJWdimptEk3mh,,,,,51.4674072265625,-0.3556060791015625,anonymous,EN,1,1,9,5f0b3b44dcc18f07d7bc0fd7,4,4,2,4,4,5,5,1,5,5,5,4,1,4,3,3,2,3,3,3,2,2,1,4,4,2,2,4,5,2,3,3,4,1,1,3,3,4,3,3,4,5,4,3,2,2,5,5,2,2,5,4,4,4,5,5,2,Interesting how our children actually do all these different types drawings,5f0b3b44dcc18f07d7bc0fd7,
