"","sketchName","age","sessionId","sketch_img_name","category"
"1","rabbit/age4/a rabbit_sketch_age4_cdm_run_v31528499399037.png","age4","cdm_run_v31527964199379","rabbit_sketch_age4_cdm_run_v31528499399037.png","rabbit"
"2","rabbit/age4/a rabbit_sketch_age4_cdm_run_v31530480400108.png","age4","cdm_run_v31527964199379","rabbit_sketch_age4_cdm_run_v31530480400108.png","rabbit"
"3","rabbit/age4/a rabbit_sketch_age4_cdm_run_v31530733127648.png","age4","cdm_run_v31527964199379","rabbit_sketch_age4_cdm_run_v31530733127648.png","rabbit"
"4","rabbit/age4/a rabbit_sketch_age4_cdm_run_v31529271233301.png","age4","cdm_run_v31527964199379","rabbit_sketch_age4_cdm_run_v31529271233301.png","rabbit"
"5","rabbit/age4/a rabbit_sketch_age4_cdm_run_v31528845599021.png","age4","cdm_run_v31527964199379","rabbit_sketch_age4_cdm_run_v31528845599021.png","rabbit"
"6","rabbit/age4/a rabbit_sketch_age4_cdm_run_v31530744749634.png","age4","cdm_run_v31527964199379","rabbit_sketch_age4_cdm_run_v31530744749634.png","rabbit"
"7","rabbit/age4/a rabbit_sketch_age4_cdm_run_v31532119480468.png","age4","cdm_run_v31527964199379","rabbit_sketch_age4_cdm_run_v31532119480468.png","rabbit"
"8","rabbit/age4/a rabbit_sketch_age4_cdm_run_v31530398644776.png","age4","cdm_run_v31527964199379","rabbit_sketch_age4_cdm_run_v31530398644776.png","rabbit"
"9","rabbit/age4/a rabbit_sketch_age4_cdm_run_v31530310159455.png","age4","cdm_run_v31527964199379","rabbit_sketch_age4_cdm_run_v31530310159455.png","rabbit"
"10","rabbit/age4/a rabbit_sketch_age4_cdm_run_v31531340517880.png","age4","cdm_run_v31527964199379","rabbit_sketch_age4_cdm_run_v31531340517880.png","rabbit"
"11","rabbit/age4/a rabbit_sketch_age4_cdm_run_v31530390885520.png","age4","cdm_run_v31527964199379","rabbit_sketch_age4_cdm_run_v31530390885520.png","rabbit"
"12","rabbit/age4/a rabbit_sketch_age4_cdm_run_v31529092415344.png","age4","cdm_run_v31527964199379","rabbit_sketch_age4_cdm_run_v31529092415344.png","rabbit"
"13","rabbit/age4/a rabbit_sketch_age4_cdm_run_v31531692039108.png","age4","cdm_run_v31527964199379","rabbit_sketch_age4_cdm_run_v31531692039108.png","rabbit"
"14","rabbit/age4/a rabbit_sketch_age4_cdm_run_v31532196800622.png","age4","cdm_run_v31527964199379","rabbit_sketch_age4_cdm_run_v31532196800622.png","rabbit"
"15","rabbit/age4/a rabbit_sketch_age4_cdm_run_v31530743856841.png","age4","cdm_run_v31527964199379","rabbit_sketch_age4_cdm_run_v31530743856841.png","rabbit"
"16","rabbit/age4/a rabbit_sketch_age4_cdm_run_v31528921199246.png","age4","cdm_run_v31527964199379","rabbit_sketch_age4_cdm_run_v31528921199246.png","rabbit"
"17","rabbit/age4/a rabbit_sketch_age4_cdm_run_v31530556401391.png","age4","cdm_run_v31527964199379","rabbit_sketch_age4_cdm_run_v31530556401391.png","rabbit"
"18","rabbit/age4/a rabbit_sketch_age4_cdm_run_v31531523552767.png","age4","cdm_run_v31527964199379","rabbit_sketch_age4_cdm_run_v31531523552767.png","rabbit"
"19","rabbit/age4/a rabbit_sketch_age4_cdm_run_v31529530199212.png","age4","cdm_run_v31527964199379","rabbit_sketch_age4_cdm_run_v31529530199212.png","rabbit"
"20","rabbit/age4/a rabbit_sketch_age4_cdm_run_v31530478539938.png","age4","cdm_run_v31527964199379","rabbit_sketch_age4_cdm_run_v31530478539938.png","rabbit"
"21","rabbit/age4/a rabbit_sketch_age4_cdm_run_v31529187760457.png","age4","cdm_run_v31527964199379","rabbit_sketch_age4_cdm_run_v31529187760457.png","rabbit"
"22","rabbit/age4/a rabbit_sketch_age4_cdm_run_v31529524328211.png","age4","cdm_run_v31527964199379","rabbit_sketch_age4_cdm_run_v31529524328211.png","rabbit"
"23","rabbit/age4/a rabbit_sketch_age4_cdm_run_v31530730132348.png","age4","cdm_run_v31527964199379","rabbit_sketch_age4_cdm_run_v31530730132348.png","rabbit"
"24","rabbit/age4/a rabbit_sketch_age4_cdm_run_v31531506812090.png","age4","cdm_run_v31527964199379","rabbit_sketch_age4_cdm_run_v31531506812090.png","rabbit"
"25","rabbit/age4/a rabbit_sketch_age4_cdm_run_v31531946401147.png","age4","cdm_run_v31527964199379","rabbit_sketch_age4_cdm_run_v31531946401147.png","rabbit"
"26","rabbit/age4/a rabbit_sketch_age4_cdm_run_v31530816545217.png","age4","cdm_run_v31527964199379","rabbit_sketch_age4_cdm_run_v31530816545217.png","rabbit"
"27","rabbit/age4/a rabbit_sketch_age4_cdm_run_v31528234593237.png","age4","cdm_run_v31527964199379","rabbit_sketch_age4_cdm_run_v31528234593237.png","rabbit"
"28","rabbit/age4/a rabbit_sketch_age4_cdm_run_v31528052999270.png","age4","cdm_run_v31527964199379","rabbit_sketch_age4_cdm_run_v31528052999270.png","rabbit"
"29","dog/age4/a dog_sketch_age4_cdm_run_v31526673903441.png","age4","cdm_run_v31527964199379","dog_sketch_age4_cdm_run_v31526673903441.png","dog"
"30","dog/age4/a dog_sketch_age4_cdm_run_v31533244430816.png","age4","cdm_run_v31527964199379","dog_sketch_age4_cdm_run_v31533244430816.png","dog"
"31","dog/age4/a dog_sketch_age4_cdm_run_v31532643410894.png","age4","cdm_run_v31527964199379","dog_sketch_age4_cdm_run_v31532643410894.png","dog"
"32","dog/age4/a dog_sketch_age4_cdm_run_v31532714767665.png","age4","cdm_run_v31527964199379","dog_sketch_age4_cdm_run_v31532714767665.png","dog"
"33","dog/age4/a dog_sketch_age4_cdm_run_v31526592878172.png","age4","cdm_run_v31527964199379","dog_sketch_age4_cdm_run_v31526592878172.png","dog"
"34","dog/age4/a dog_sketch_age4_cdm_run_v31532639699688.png","age4","cdm_run_v31527964199379","dog_sketch_age4_cdm_run_v31532639699688.png","dog"
"35","dog/age4/a dog_sketch_age4_cdm_run_v31527009966236.png","age4","cdm_run_v31527964199379","dog_sketch_age4_cdm_run_v31527009966236.png","dog"
"36","dog/age4/a dog_sketch_age4_cdm_run_v31533153135562.png","age4","cdm_run_v31527964199379","dog_sketch_age4_cdm_run_v31533153135562.png","dog"
"37","dog/age4/a dog_sketch_age4_cdm_run_v31533242019710.png","age4","cdm_run_v31527964199379","dog_sketch_age4_cdm_run_v31533242019710.png","dog"
"38","dog/age4/a dog_sketch_age4_cdm_run_v31526239192649.png","age4","cdm_run_v31527964199379","dog_sketch_age4_cdm_run_v31526239192649.png","dog"
"39","dog/age4/a dog_sketch_age4_cdm_run_v21525214198507.png","age4","cdm_run_v31527964199379","dog_sketch_age4_cdm_run_v21525214198507.png","dog"
"40","dog/age4/a dog_sketch_age4_cdm_run_v31526065527149.png","age4","cdm_run_v31527964199379","dog_sketch_age4_cdm_run_v31526065527149.png","dog"
"41","dog/age4/a dog_sketch_age4_cdm_run_v31533067619622.png","age4","cdm_run_v31527964199379","dog_sketch_age4_cdm_run_v31533067619622.png","dog"
"42","dog/age4/a dog_sketch_age4_cdm_run_v21525553516524.png","age4","cdm_run_v31527964199379","dog_sketch_age4_cdm_run_v21525553516524.png","dog"
"43","dog/age4/a dog_sketch_age4_cdm_run_v31526250064091.png","age4","cdm_run_v31527964199379","dog_sketch_age4_cdm_run_v31526250064091.png","dog"
"44","dog/age4/a dog_sketch_age4_cdm_run_v31527887261747.png","age4","cdm_run_v31527964199379","dog_sketch_age4_cdm_run_v31527887261747.png","dog"
"45","dog/age4/a dog_sketch_age4_cdm_run_v31525899254114.png","age4","cdm_run_v31527964199379","dog_sketch_age4_cdm_run_v31525899254114.png","dog"
"46","dog/age4/a dog_sketch_age4_cdm_run_v31532815307456.png","age4","cdm_run_v31527964199379","dog_sketch_age4_cdm_run_v31532815307456.png","dog"
"47","dog/age4/a dog_sketch_age4_cdm_run_v31526417227846.png","age4","cdm_run_v31527964199379","dog_sketch_age4_cdm_run_v31526417227846.png","dog"
"48","dog/age4/a dog_sketch_age4_cdm_run_v21525204751261.png","age4","cdm_run_v31527964199379","dog_sketch_age4_cdm_run_v21525204751261.png","dog"
"49","dog/age4/a dog_sketch_age4_cdm_run_v21525453199663.png","age4","cdm_run_v31527964199379","dog_sketch_age4_cdm_run_v21525453199663.png","dog"
"50","dog/age4/a dog_sketch_age4_cdm_run_v21525802763941.png","age4","cdm_run_v31527964199379","dog_sketch_age4_cdm_run_v21525802763941.png","dog"
"51","dog/age4/a dog_sketch_age4_cdm_run_v31526167651102.png","age4","cdm_run_v31527964199379","dog_sketch_age4_cdm_run_v31526167651102.png","dog"
"52","dog/age4/a dog_sketch_age4_cdm_run_v21525292369468.png","age4","cdm_run_v31527964199379","dog_sketch_age4_cdm_run_v21525292369468.png","dog"
"53","dog/age4/a dog_sketch_age4_cdm_run_v21525647207993.png","age4","cdm_run_v31527964199379","dog_sketch_age4_cdm_run_v21525647207993.png","dog"
"54","dog/age4/a dog_sketch_age4_cdm_run_v31526675307830.png","age4","cdm_run_v31527964199379","dog_sketch_age4_cdm_run_v31526675307830.png","dog"
"55","dog/age4/a dog_sketch_age4_cdm_run_v21525203747073.png","age4","cdm_run_v31527964199379","dog_sketch_age4_cdm_run_v21525203747073.png","dog"
"56","dog/age4/a dog_sketch_age4_cdm_run_v31526763408835.png","age4","cdm_run_v31527964199379","dog_sketch_age4_cdm_run_v31526763408835.png","dog"
"57","bird/age4/a bird_sketch_age4_cdm_run_v31530744749634.png","age4","cdm_run_v31527964199379","bird_sketch_age4_cdm_run_v31530744749634.png","bird"
"58","bird/age4/a bird_sketch_age4_cdm_run_v31531689427953.png","age4","cdm_run_v31527964199379","bird_sketch_age4_cdm_run_v31531689427953.png","bird"
"59","bird/age4/a bird_sketch_age4_cdm_run_v31529092081104.png","age4","cdm_run_v31527964199379","bird_sketch_age4_cdm_run_v31529092081104.png","bird"
"60","bird/age4/a bird_sketch_age4_cdm_run_v31530309361085.png","age4","cdm_run_v31527964199379","bird_sketch_age4_cdm_run_v31530309361085.png","bird"
"61","bird/age4/a bird_sketch_age4_cdm_run_v31531506812090.png","age4","cdm_run_v31527964199379","bird_sketch_age4_cdm_run_v31531506812090.png","bird"
"62","bird/age4/a bird_sketch_age4_cdm_run_v31531433524106.png","age4","cdm_run_v31527964199379","bird_sketch_age4_cdm_run_v31531433524106.png","bird"
"63","bird/age4/a bird_sketch_age4_cdm_run_v31530480400108.png","age4","cdm_run_v31527964199379","bird_sketch_age4_cdm_run_v31530480400108.png","bird"
"64","bird/age4/a bird_sketch_age4_cdm_run_v31529358345012.png","age4","cdm_run_v31527964199379","bird_sketch_age4_cdm_run_v31529358345012.png","bird"
"65","bird/age4/a bird_sketch_age4_cdm_run_v31529264399644.png","age4","cdm_run_v31527964199379","bird_sketch_age4_cdm_run_v31529264399644.png","bird"
"66","bird/age4/a bird_sketch_age4_cdm_run_v31531692039108.png","age4","cdm_run_v31527964199379","bird_sketch_age4_cdm_run_v31531692039108.png","bird"
"67","bird/age4/a bird_sketch_age4_cdm_run_v31529092199275.png","age4","cdm_run_v31527964199379","bird_sketch_age4_cdm_run_v31529092199275.png","bird"
"68","bird/age4/a bird_sketch_age4_cdm_run_v31530573397476.png","age4","cdm_run_v31527964199379","bird_sketch_age4_cdm_run_v31530573397476.png","bird"
"69","bird/age4/a bird_sketch_age4_cdm_run_v31529187760457.png","age4","cdm_run_v31527964199379","bird_sketch_age4_cdm_run_v31529187760457.png","bird"
"70","bird/age4/a bird_sketch_age4_cdm_run_v31530390885520.png","age4","cdm_run_v31527964199379","bird_sketch_age4_cdm_run_v31530390885520.png","bird"
"71","bird/age4/a bird_sketch_age4_cdm_run_v31529518268893.png","age4","cdm_run_v31527964199379","bird_sketch_age4_cdm_run_v31529518268893.png","bird"
"72","bird/age4/a bird_sketch_age4_cdm_run_v31530556401391.png","age4","cdm_run_v31527964199379","bird_sketch_age4_cdm_run_v31530556401391.png","bird"
"73","bird/age4/a bird_sketch_age4_cdm_run_v31531505500838.png","age4","cdm_run_v31527964199379","bird_sketch_age4_cdm_run_v31531505500838.png","bird"
"74","bird/age4/a bird_sketch_age4_cdm_run_v31528845599021.png","age4","cdm_run_v31527964199379","bird_sketch_age4_cdm_run_v31528845599021.png","bird"
"75","bird/age4/a bird_sketch_age4_cdm_run_v31532042260290.png","age4","cdm_run_v31527964199379","bird_sketch_age4_cdm_run_v31532042260290.png","bird"
"76","bird/age4/a bird_sketch_age4_cdm_run_v31530478539938.png","age4","cdm_run_v31527964199379","bird_sketch_age4_cdm_run_v31530478539938.png","bird"
"77","bird/age4/a bird_sketch_age4_cdm_run_v31530481705566.png","age4","cdm_run_v31527964199379","bird_sketch_age4_cdm_run_v31530481705566.png","bird"
"78","bird/age4/a bird_sketch_age4_cdm_run_v31530311922480.png","age4","cdm_run_v31527964199379","bird_sketch_age4_cdm_run_v31530311922480.png","bird"
"79","bird/age4/a bird_sketch_age4_cdm_run_v31531688398628.png","age4","cdm_run_v31527964199379","bird_sketch_age4_cdm_run_v31531688398628.png","bird"
"80","bird/age4/a bird_sketch_age4_cdm_run_v31529092415344.png","age4","cdm_run_v31527964199379","bird_sketch_age4_cdm_run_v31529092415344.png","bird"
"81","bird/age4/a bird_sketch_age4_cdm_run_v31527964199379.png","age4","cdm_run_v31527964199379","bird_sketch_age4_cdm_run_v31527964199379.png","bird"
"82","bird/age4/a bird_sketch_age4_cdm_run_v31532119480468.png","age4","cdm_run_v31527964199379","bird_sketch_age4_cdm_run_v31532119480468.png","bird"
"83","bird/age4/a bird_sketch_age4_cdm_run_v31528572599284.png","age4","cdm_run_v31527964199379","bird_sketch_age4_cdm_run_v31528572599284.png","bird"
"84","bird/age4/a bird_sketch_age4_cdm_run_v31531858496244.png","age4","cdm_run_v31527964199379","bird_sketch_age4_cdm_run_v31531858496244.png","bird"
"85","fish/age4/a fish_sketch_age4_cdm_run_v31526675307830.png","age4","cdm_run_v31527964199379","fish_sketch_age4_cdm_run_v31526675307830.png","fish"
"86","fish/age4/a fish_sketch_age4_cdm_run_v31533244161520.png","age4","cdm_run_v31527964199379","fish_sketch_age4_cdm_run_v31533244161520.png","fish"
"87","fish/age4/a fish_sketch_age4_cdm_run_v21525633145983.png","age4","cdm_run_v31527964199379","fish_sketch_age4_cdm_run_v21525633145983.png","fish"
"88","fish/age4/a fish_sketch_age4_cdm_run_v31526592878172.png","age4","cdm_run_v31527964199379","fish_sketch_age4_cdm_run_v31526592878172.png","fish"
"89","fish/age4/a fish_sketch_age4_cdm_run_v21525547211269.png","age4","cdm_run_v31527964199379","fish_sketch_age4_cdm_run_v21525547211269.png","fish"
"90","fish/age4/a fish_sketch_age4_cdm_run_v31526583071756.png","age4","cdm_run_v31527964199379","fish_sketch_age4_cdm_run_v31526583071756.png","fish"
"91","fish/age4/a fish_sketch_age4_cdm_run_v21525204751261.png","age4","cdm_run_v31527964199379","fish_sketch_age4_cdm_run_v21525204751261.png","fish"
"92","fish/age4/a fish_sketch_age4_cdm_run_v21525203747073.png","age4","cdm_run_v31527964199379","fish_sketch_age4_cdm_run_v21525203747073.png","fish"
"93","fish/age4/a fish_sketch_age4_cdm_run_v31532559711223.png","age4","cdm_run_v31527964199379","fish_sketch_age4_cdm_run_v31532559711223.png","fish"
"94","fish/age4/a fish_sketch_age4_cdm_run_v21525544661929.png","age4","cdm_run_v31527964199379","fish_sketch_age4_cdm_run_v21525544661929.png","fish"
"95","fish/age4/a fish_sketch_age4_cdm_run_v21525808174680.png","age4","cdm_run_v31527964199379","fish_sketch_age4_cdm_run_v21525808174680.png","fish"
"96","fish/age4/a fish_sketch_age4_cdm_run_v31532806070697.png","age4","cdm_run_v31527964199379","fish_sketch_age4_cdm_run_v31532806070697.png","fish"
"97","fish/age4/a fish_sketch_age4_cdm_run_v31527894813892.png","age4","cdm_run_v31527964199379","fish_sketch_age4_cdm_run_v31527894813892.png","fish"
"98","fish/age4/a fish_sketch_age4_cdm_run_v31525908206117.png","age4","cdm_run_v31527964199379","fish_sketch_age4_cdm_run_v31525908206117.png","fish"
"99","fish/age4/a fish_sketch_age4_cdm_run_v21525647207993.png","age4","cdm_run_v31527964199379","fish_sketch_age4_cdm_run_v21525647207993.png","fish"
"100","fish/age4/a fish_sketch_age4_cdm_run_v31533239085019.png","age4","cdm_run_v31527964199379","fish_sketch_age4_cdm_run_v31533239085019.png","fish"
"101","fish/age4/a fish_sketch_age4_cdm_run_v31526507469435.png","age4","cdm_run_v31527964199379","fish_sketch_age4_cdm_run_v31526507469435.png","fish"
"102","fish/age4/a fish_sketch_age4_cdm_run_v21525209631693.png","age4","cdm_run_v31527964199379","fish_sketch_age4_cdm_run_v21525209631693.png","fish"
"103","fish/age4/a fish_sketch_age4_cdm_run_v21525648772194.png","age4","cdm_run_v31527964199379","fish_sketch_age4_cdm_run_v21525648772194.png","fish"
"104","fish/age4/a fish_sketch_age4_cdm_run_v21525802763941.png","age4","cdm_run_v31527964199379","fish_sketch_age4_cdm_run_v21525802763941.png","fish"
"105","fish/age4/a fish_sketch_age4_cdm_run_v31532715129943.png","age4","cdm_run_v31527964199379","fish_sketch_age4_cdm_run_v31532715129943.png","fish"
"106","fish/age4/a fish_sketch_age4_cdm_run_v31532716386819.png","age4","cdm_run_v31527964199379","fish_sketch_age4_cdm_run_v31532716386819.png","fish"
"107","fish/age4/a fish_sketch_age4_cdm_run_v31526167651102.png","age4","cdm_run_v31527964199379","fish_sketch_age4_cdm_run_v31526167651102.png","fish"
"108","fish/age4/a fish_sketch_age4_cdm_run_v21525453199663.png","age4","cdm_run_v31527964199379","fish_sketch_age4_cdm_run_v21525453199663.png","fish"
"109","fish/age4/a fish_sketch_age4_cdm_run_v21525639180649.png","age4","cdm_run_v31527964199379","fish_sketch_age4_cdm_run_v21525639180649.png","fish"
"110","fish/age4/a fish_sketch_age4_cdm_run_v31533242019710.png","age4","cdm_run_v31527964199379","fish_sketch_age4_cdm_run_v31533242019710.png","fish"
"111","fish/age4/a fish_sketch_age4_cdm_run_v21525803809858.png","age4","cdm_run_v31527964199379","fish_sketch_age4_cdm_run_v21525803809858.png","fish"
"112","fish/age4/a fish_sketch_age4_cdm_run_v31532643410894.png","age4","cdm_run_v31527964199379","fish_sketch_age4_cdm_run_v31532643410894.png","fish"
"113","rabbit/age5/a rabbit_sketch_age5_cdm_run_v31531691695350.png","age5","cdm_run_v31527964199379","rabbit_sketch_age5_cdm_run_v31531691695350.png","rabbit"
"114","rabbit/age5/a rabbit_sketch_age5_cdm_run_v31532212066778.png","age5","cdm_run_v31527964199379","rabbit_sketch_age5_cdm_run_v31532212066778.png","rabbit"
"115","rabbit/age5/a rabbit_sketch_age5_cdm_run_v31528487999206.png","age5","cdm_run_v31527964199379","rabbit_sketch_age5_cdm_run_v31528487999206.png","rabbit"
"116","rabbit/age5/a rabbit_sketch_age5_cdm_run_v31527981599050.png","age5","cdm_run_v31527964199379","rabbit_sketch_age5_cdm_run_v31527981599050.png","rabbit"
"117","rabbit/age5/a rabbit_sketch_age5_cdm_run_v31529452799035.png","age5","cdm_run_v31527964199379","rabbit_sketch_age5_cdm_run_v31529452799035.png","rabbit"
"118","rabbit/age5/a rabbit_sketch_age5_cdm_run_v31528916699725.png","age5","cdm_run_v31527964199379","rabbit_sketch_age5_cdm_run_v31528916699725.png","rabbit"
"119","rabbit/age5/a rabbit_sketch_age5_cdm_run_v31531950791739.png","age5","cdm_run_v31527964199379","rabbit_sketch_age5_cdm_run_v31531950791739.png","rabbit"
"120","rabbit/age5/a rabbit_sketch_age5_cdm_run_v31527979799077.png","age5","cdm_run_v31527964199379","rabbit_sketch_age5_cdm_run_v31527979799077.png","rabbit"
"121","rabbit/age5/a rabbit_sketch_age5_cdm_run_v31529350799269.png","age5","cdm_run_v31527964199379","rabbit_sketch_age5_cdm_run_v31529350799269.png","rabbit"
"122","rabbit/age5/a rabbit_sketch_age5_cdm_run_v31528224599151.png","age5","cdm_run_v31527964199379","rabbit_sketch_age5_cdm_run_v31528224599151.png","rabbit"
"123","rabbit/age5/a rabbit_sketch_age5_cdm_run_v31528760486308.png","age5","cdm_run_v31527964199379","rabbit_sketch_age5_cdm_run_v31528760486308.png","rabbit"
"124","rabbit/age5/a rabbit_sketch_age5_cdm_run_v31529435452831.png","age5","cdm_run_v31527964199379","rabbit_sketch_age5_cdm_run_v31529435452831.png","rabbit"
"125","rabbit/age5/a rabbit_sketch_age5_cdm_run_v31529174036398.png","age5","cdm_run_v31527964199379","rabbit_sketch_age5_cdm_run_v31529174036398.png","rabbit"
"126","rabbit/age5/a rabbit_sketch_age5_cdm_run_v31529435700868.png","age5","cdm_run_v31527964199379","rabbit_sketch_age5_cdm_run_v31529435700868.png","rabbit"
"127","rabbit/age5/a rabbit_sketch_age5_cdm_run_v31530485447745.png","age5","cdm_run_v31527964199379","rabbit_sketch_age5_cdm_run_v31530485447745.png","rabbit"
"128","rabbit/age5/a rabbit_sketch_age5_cdm_run_v31528224184593.png","age5","cdm_run_v31527964199379","rabbit_sketch_age5_cdm_run_v31528224184593.png","rabbit"
"129","rabbit/age5/a rabbit_sketch_age5_cdm_run_v31530486011120.png","age5","cdm_run_v31527964199379","rabbit_sketch_age5_cdm_run_v31530486011120.png","rabbit"
"130","rabbit/age5/a rabbit_sketch_age5_cdm_run_v31529442453861.png","age5","cdm_run_v31527964199379","rabbit_sketch_age5_cdm_run_v31529442453861.png","rabbit"
"131","rabbit/age5/a rabbit_sketch_age5_cdm_run_v31528659599227.png","age5","cdm_run_v31527964199379","rabbit_sketch_age5_cdm_run_v31528659599227.png","rabbit"
"132","rabbit/age5/a rabbit_sketch_age5_cdm_run_v31528068401956.png","age5","cdm_run_v31527964199379","rabbit_sketch_age5_cdm_run_v31528068401956.png","rabbit"
"133","rabbit/age5/a rabbit_sketch_age5_cdm_run_v31528834869549.png","age5","cdm_run_v31527964199379","rabbit_sketch_age5_cdm_run_v31528834869549.png","rabbit"
"134","rabbit/age5/a rabbit_sketch_age5_cdm_run_v31527980999104.png","age5","cdm_run_v31527964199379","rabbit_sketch_age5_cdm_run_v31527980999104.png","rabbit"
"135","rabbit/age5/a rabbit_sketch_age5_cdm_run_v31532034461707.png","age5","cdm_run_v31527964199379","rabbit_sketch_age5_cdm_run_v31532034461707.png","rabbit"
"136","rabbit/age5/a rabbit_sketch_age5_cdm_run_v31530389142347.png","age5","cdm_run_v31527964199379","rabbit_sketch_age5_cdm_run_v31530389142347.png","rabbit"
"137","rabbit/age5/a rabbit_sketch_age5_cdm_run_v31529181228558.png","age5","cdm_run_v31527964199379","rabbit_sketch_age5_cdm_run_v31529181228558.png","rabbit"
"138","rabbit/age5/a rabbit_sketch_age5_cdm_run_v31528060993113.png","age5","cdm_run_v31527964199379","rabbit_sketch_age5_cdm_run_v31528060993113.png","rabbit"
"139","rabbit/age5/a rabbit_sketch_age5_cdm_run_v31531868257542.png","age5","cdm_run_v31527964199379","rabbit_sketch_age5_cdm_run_v31531868257542.png","rabbit"
"140","rabbit/age5/a rabbit_sketch_age5_cdm_run_v31528926779657.png","age5","cdm_run_v31527964199379","rabbit_sketch_age5_cdm_run_v31528926779657.png","rabbit"
"141","dog/age5/a dog_sketch_age5_cdm_run_v31526157427450.png","age5","cdm_run_v31527964199379","dog_sketch_age5_cdm_run_v31526157427450.png","dog"
"142","dog/age5/a dog_sketch_age5_cdm_run_v31532549292414.png","age5","cdm_run_v31527964199379","dog_sketch_age5_cdm_run_v31532549292414.png","dog"
"143","dog/age5/a dog_sketch_age5_cdm_run_v21525560854927.png","age5","cdm_run_v31527964199379","dog_sketch_age5_cdm_run_v21525560854927.png","dog"
"144","dog/age5/a dog_sketch_age5_cdm_run_v31533152649611.png","age5","cdm_run_v31527964199379","dog_sketch_age5_cdm_run_v31533152649611.png","dog"
"145","dog/age5/a dog_sketch_age5_cdm_run_v21524853538862.png","age5","cdm_run_v31527964199379","dog_sketch_age5_cdm_run_v21524853538862.png","dog"
"146","dog/age5/a dog_sketch_age5_cdm_run_v31526254866517.png","age5","cdm_run_v31527964199379","dog_sketch_age5_cdm_run_v31526254866517.png","dog"
"147","dog/age5/a dog_sketch_age5_cdm_run_v31526492191665.png","age5","cdm_run_v31527964199379","dog_sketch_age5_cdm_run_v31526492191665.png","dog"
"148","dog/age5/a dog_sketch_age5_cdm_run_v31532541152652.png","age5","cdm_run_v31527964199379","dog_sketch_age5_cdm_run_v31532541152652.png","dog"
"149","dog/age5/a dog_sketch_age5_cdm_run_v31532551104792.png","age5","cdm_run_v31527964199379","dog_sketch_age5_cdm_run_v31532551104792.png","dog"
"150","dog/age5/a dog_sketch_age5_cdm_run_v31526766142852.png","age5","cdm_run_v31527964199379","dog_sketch_age5_cdm_run_v31526766142852.png","dog"
"151","dog/age5/a dog_sketch_age5_cdm_run_v31532637678672.png","age5","cdm_run_v31527964199379","dog_sketch_age5_cdm_run_v31532637678672.png","dog"
"152","dog/age5/a dog_sketch_age5_cdm_run_test1524769263535.png","age5","cdm_run_v31527964199379","dog_sketch_age5_cdm_run_test1524769263535.png","dog"
"153","dog/age5/a dog_sketch_age5_cdm_run_v31532810666315.png","age5","cdm_run_v31527964199379","dog_sketch_age5_cdm_run_v31532810666315.png","dog"
"154","dog/age5/a dog_sketch_age5_cdm_run_v31525976865876.png","age5","cdm_run_v31527964199379","dog_sketch_age5_cdm_run_v31525976865876.png","dog"
"155","dog/age5/a dog_sketch_age5_cdm_run_v31526681463221.png","age5","cdm_run_v31527964199379","dog_sketch_age5_cdm_run_v31526681463221.png","dog"
"156","dog/age5/a dog_sketch_age5_cdm_run_v31526594287690.png","age5","cdm_run_v31527964199379","dog_sketch_age5_cdm_run_v31526594287690.png","dog"
"157","dog/age5/a dog_sketch_age5_cdm_run_v31532722941273.png","age5","cdm_run_v31527964199379","dog_sketch_age5_cdm_run_v31532722941273.png","dog"
"158","dog/age5/a dog_sketch_age5_cdm_run_v31526072947360.png","age5","cdm_run_v31527964199379","dog_sketch_age5_cdm_run_v31526072947360.png","dog"
"159","dog/age5/a dog_sketch_age5_cdm_run_v31526254628791.png","age5","cdm_run_v31527964199379","dog_sketch_age5_cdm_run_v31526254628791.png","dog"
"160","dog/age5/a dog_sketch_age5_cdm_run_v31526499554039.png","age5","cdm_run_v31527964199379","dog_sketch_age5_cdm_run_v31526499554039.png","dog"
"161","dog/age5/a dog_sketch_age5_cdm_run_v31532553043342.png","age5","cdm_run_v31527964199379","dog_sketch_age5_cdm_run_v31532553043342.png","dog"
"162","dog/age5/a dog_sketch_age5_cdm_run_v21525557787282.png","age5","cdm_run_v31527964199379","dog_sketch_age5_cdm_run_v21525557787282.png","dog"
"163","dog/age5/a dog_sketch_age5_cdm_run_v31532550368336.png","age5","cdm_run_v31527964199379","dog_sketch_age5_cdm_run_v31532550368336.png","dog"
"164","dog/age5/a dog_sketch_age5_cdm_run_v31532810509398.png","age5","cdm_run_v31527964199379","dog_sketch_age5_cdm_run_v31532810509398.png","dog"
"165","dog/age5/a dog_sketch_age5_cdm_run_v31533154863881.png","age5","cdm_run_v31527964199379","dog_sketch_age5_cdm_run_v31533154863881.png","dog"
"166","dog/age5/a dog_sketch_age5_cdm_run_v31532639150758.png","age5","cdm_run_v31527964199379","dog_sketch_age5_cdm_run_v31532639150758.png","dog"
"167","dog/age5/a dog_sketch_age5_cdm_run_v31532560470628.png","age5","cdm_run_v31527964199379","dog_sketch_age5_cdm_run_v31532560470628.png","dog"
"168","dog/age5/a dog_sketch_age5_cdm_run_v31532810188859.png","age5","cdm_run_v31527964199379","dog_sketch_age5_cdm_run_v31532810188859.png","dog"
"169","bird/age5/a bird_sketch_age5_cdm_run_v31528224599151.png","age5","cdm_run_v31527964199379","bird_sketch_age5_cdm_run_v31528224599151.png","bird"
"170","bird/age5/a bird_sketch_age5_cdm_run_v31529435700868.png","age5","cdm_run_v31527964199379","bird_sketch_age5_cdm_run_v31529435700868.png","bird"
"171","bird/age5/a bird_sketch_age5_cdm_run_v31527980999104.png","age5","cdm_run_v31527964199379","bird_sketch_age5_cdm_run_v31527980999104.png","bird"
"172","bird/age5/a bird_sketch_age5_cdm_run_v31532212066778.png","age5","cdm_run_v31527964199379","bird_sketch_age5_cdm_run_v31532212066778.png","bird"
"173","bird/age5/a bird_sketch_age5_cdm_run_v31532110370251.png","age5","cdm_run_v31527964199379","bird_sketch_age5_cdm_run_v31532110370251.png","bird"
"174","bird/age5/a bird_sketch_age5_cdm_run_v31531953239905.png","age5","cdm_run_v31527964199379","bird_sketch_age5_cdm_run_v31531953239905.png","bird"
"175","bird/age5/a bird_sketch_age5_cdm_run_v31528067999106.png","age5","cdm_run_v31527964199379","bird_sketch_age5_cdm_run_v31528067999106.png","bird"
"176","bird/age5/a bird_sketch_age5_cdm_run_v31528919741705.png","age5","cdm_run_v31527964199379","bird_sketch_age5_cdm_run_v31528919741705.png","bird"
"177","bird/age5/a bird_sketch_age5_cdm_run_v31530485447745.png","age5","cdm_run_v31527964199379","bird_sketch_age5_cdm_run_v31530485447745.png","bird"
"178","bird/age5/a bird_sketch_age5_cdm_run_v31529011985004.png","age5","cdm_run_v31527964199379","bird_sketch_age5_cdm_run_v31529011985004.png","bird"
"179","bird/age5/a bird_sketch_age5_cdm_run_v31529181599174.png","age5","cdm_run_v31527964199379","bird_sketch_age5_cdm_run_v31529181599174.png","bird"
"180","bird/age5/a bird_sketch_age5_cdm_run_v31529173799299.png","age5","cdm_run_v31527964199379","bird_sketch_age5_cdm_run_v31529173799299.png","bird"
"181","bird/age5/a bird_sketch_age5_cdm_run_v31527982528073.png","age5","cdm_run_v31527964199379","bird_sketch_age5_cdm_run_v31527982528073.png","bird"
"182","bird/age5/a bird_sketch_age5_cdm_run_v31528923599219.png","age5","cdm_run_v31527964199379","bird_sketch_age5_cdm_run_v31528923599219.png","bird"
"183","bird/age5/a bird_sketch_age5_cdm_run_v31531950791739.png","age5","cdm_run_v31527964199379","bird_sketch_age5_cdm_run_v31531950791739.png","bird"
"184","bird/age5/a bird_sketch_age5_cdm_run_v31531774669708.png","age5","cdm_run_v31527964199379","bird_sketch_age5_cdm_run_v31531774669708.png","bird"
"185","bird/age5/a bird_sketch_age5_cdm_run_v31528916699725.png","age5","cdm_run_v31527964199379","bird_sketch_age5_cdm_run_v31528916699725.png","bird"
"186","bird/age5/a bird_sketch_age5_cdm_run_v31529174036398.png","age5","cdm_run_v31527964199379","bird_sketch_age5_cdm_run_v31529174036398.png","bird"
"187","bird/age5/a bird_sketch_age5_cdm_run_v31531607084953.png","age5","cdm_run_v31527964199379","bird_sketch_age5_cdm_run_v31531607084953.png","bird"
"188","bird/age5/a bird_sketch_age5_cdm_run_v31531612336103.png","age5","cdm_run_v31527964199379","bird_sketch_age5_cdm_run_v31531612336103.png","bird"
"189","bird/age5/a bird_sketch_age5_cdm_run_v31528136399273.png","age5","cdm_run_v31527964199379","bird_sketch_age5_cdm_run_v31528136399273.png","bird"
"190","bird/age5/a bird_sketch_age5_cdm_run_v31529181228558.png","age5","cdm_run_v31527964199379","bird_sketch_age5_cdm_run_v31529181228558.png","bird"
"191","bird/age5/a bird_sketch_age5_cdm_run_v31528481399327.png","age5","cdm_run_v31527964199379","bird_sketch_age5_cdm_run_v31528481399327.png","bird"
"192","bird/age5/a bird_sketch_age5_cdm_run_v31531341840525.png","age5","cdm_run_v31527964199379","bird_sketch_age5_cdm_run_v31531341840525.png","bird"
"193","bird/age5/a bird_sketch_age5_cdm_run_v31528152599102.png","age5","cdm_run_v31527964199379","bird_sketch_age5_cdm_run_v31528152599102.png","bird"
"194","bird/age5/a bird_sketch_age5_cdm_run_v31529442453861.png","age5","cdm_run_v31527964199379","bird_sketch_age5_cdm_run_v31529442453861.png","bird"
"195","bird/age5/a bird_sketch_age5_cdm_run_v31527979799077.png","age5","cdm_run_v31527964199379","bird_sketch_age5_cdm_run_v31527979799077.png","bird"
"196","bird/age5/a bird_sketch_age5_cdm_run_v31530647850978.png","age5","cdm_run_v31527964199379","bird_sketch_age5_cdm_run_v31530647850978.png","bird"
"197","fish/age5/a fish_sketch_age5_cdm_run_v31526499554039.png","age5","cdm_run_v31527964199379","fish_sketch_age5_cdm_run_v31526499554039.png","fish"
"198","fish/age5/a fish_sketch_age5_cdm_run_v31533152649611.png","age5","cdm_run_v31527964199379","fish_sketch_age5_cdm_run_v31533152649611.png","fish"
"199","fish/age5/a fish_sketch_age5_cdm_run_v21525474148305.png","age5","cdm_run_v31527964199379","fish_sketch_age5_cdm_run_v21525474148305.png","fish"
"200","fish/age5/a fish_sketch_age5_cdm_run_v21525304014539.png","age5","cdm_run_v31527964199379","fish_sketch_age5_cdm_run_v21525304014539.png","fish"
"201","fish/age5/a fish_sketch_age5_cdm_run_v31532468496401.png","age5","cdm_run_v31527964199379","fish_sketch_age5_cdm_run_v31532468496401.png","fish"
"202","fish/age5/a fish_sketch_age5_cdm_run_v31526766142852.png","age5","cdm_run_v31527964199379","fish_sketch_age5_cdm_run_v31526766142852.png","fish"
"203","fish/age5/a fish_sketch_age5_cdm_run_v31533154863881.png","age5","cdm_run_v31527964199379","fish_sketch_age5_cdm_run_v31533154863881.png","fish"
"204","fish/age5/a fish_sketch_age5_cdm_run_v31527888599306.png","age5","cdm_run_v31527964199379","fish_sketch_age5_cdm_run_v31527888599306.png","fish"
"205","fish/age5/a fish_sketch_age5_cdm_run_v31526766453659.png","age5","cdm_run_v31527964199379","fish_sketch_age5_cdm_run_v31526766453659.png","fish"
"206","fish/age5/a fish_sketch_age5_cdm_run_v21525802532539.png","age5","cdm_run_v31527964199379","fish_sketch_age5_cdm_run_v21525802532539.png","fish"
"207","fish/age5/a fish_sketch_age5_cdm_run_v21524855358955.png","age5","cdm_run_v31527964199379","fish_sketch_age5_cdm_run_v21524855358955.png","fish"
"208","fish/age5/a fish_sketch_age5_cdm_run_v31532466446992.png","age5","cdm_run_v31527964199379","fish_sketch_age5_cdm_run_v31532466446992.png","fish"
"209","fish/age5/a fish_sketch_age5_cdm_run_v31532551944059.png","age5","cdm_run_v31527964199379","fish_sketch_age5_cdm_run_v31532551944059.png","fish"
"210","fish/age5/a fish_sketch_age5_cdm_run_v31527888854913.png","age5","cdm_run_v31527964199379","fish_sketch_age5_cdm_run_v31527888854913.png","fish"
"211","fish/age5/a fish_sketch_age5_cdm_run_v21524853538862.png","age5","cdm_run_v31527964199379","fish_sketch_age5_cdm_run_v21524853538862.png","fish"
"212","fish/age5/a fish_sketch_age5_cdm_run_v31526681463221.png","age5","cdm_run_v31527964199379","fish_sketch_age5_cdm_run_v31526681463221.png","fish"
"213","fish/age5/a fish_sketch_age5_cdm_run_v31525976865876.png","age5","cdm_run_v31527964199379","fish_sketch_age5_cdm_run_v31525976865876.png","fish"
"214","fish/age5/a fish_sketch_age5_cdm_run_v31532541152652.png","age5","cdm_run_v31527964199379","fish_sketch_age5_cdm_run_v31532541152652.png","fish"
"215","fish/age5/a fish_sketch_age5_cdm_run_v31532979795589.png","age5","cdm_run_v31527964199379","fish_sketch_age5_cdm_run_v31532979795589.png","fish"
"216","fish/age5/a fish_sketch_age5_cdm_run_v21525558605121.png","age5","cdm_run_v31527964199379","fish_sketch_age5_cdm_run_v21525558605121.png","fish"
"217","fish/age5/a fish_sketch_age5_cdm_run_v21525461501240.png","age5","cdm_run_v31527964199379","fish_sketch_age5_cdm_run_v21525461501240.png","fish"
"218","fish/age5/a fish_sketch_age5_cdm_run_v31532472921086.png","age5","cdm_run_v31527964199379","fish_sketch_age5_cdm_run_v31532472921086.png","fish"
"219","fish/age5/a fish_sketch_age5_cdm_run_v31526072947360.png","age5","cdm_run_v31527964199379","fish_sketch_age5_cdm_run_v31526072947360.png","fish"
"220","fish/age5/a fish_sketch_age5_cdm_run_v31526418564273.png","age5","cdm_run_v31527964199379","fish_sketch_age5_cdm_run_v31526418564273.png","fish"
"221","fish/age5/a fish_sketch_age5_cdm_run_v31533075886243.png","age5","cdm_run_v31527964199379","fish_sketch_age5_cdm_run_v31533075886243.png","fish"
"222","fish/age5/a fish_sketch_age5_cdm_run_v21525649510031.png","age5","cdm_run_v31527964199379","fish_sketch_age5_cdm_run_v21525649510031.png","fish"
"223","fish/age5/a fish_sketch_age5_cdm_run_v31526254092272.png","age5","cdm_run_v31527964199379","fish_sketch_age5_cdm_run_v31526254092272.png","fish"
"224","fish/age5/a fish_sketch_age5_cdm_run_v21524942303829.png","age5","cdm_run_v31527964199379","fish_sketch_age5_cdm_run_v21524942303829.png","fish"
"225","rabbit/age6/a rabbit_sketch_age6_cdm_run_v31530390310095.png","age6","cdm_run_v31527964199379","rabbit_sketch_age6_cdm_run_v31530390310095.png","rabbit"
"226","rabbit/age6/a rabbit_sketch_age6_cdm_run_v31531607599164.png","age6","cdm_run_v31527964199379","rabbit_sketch_age6_cdm_run_v31531607599164.png","rabbit"
"227","rabbit/age6/a rabbit_sketch_age6_cdm_run_v31532112624073.png","age6","cdm_run_v31527964199379","rabbit_sketch_age6_cdm_run_v31532112624073.png","rabbit"
"228","rabbit/age6/a rabbit_sketch_age6_cdm_run_v31531848222253.png","age6","cdm_run_v31527964199379","rabbit_sketch_age6_cdm_run_v31531848222253.png","rabbit"
"229","rabbit/age6/a rabbit_sketch_age6_cdm_run_v31531776375845.png","age6","cdm_run_v31527964199379","rabbit_sketch_age6_cdm_run_v31531776375845.png","rabbit"
"230","rabbit/age6/a rabbit_sketch_age6_cdm_run_v31528665810605.png","age6","cdm_run_v31527964199379","rabbit_sketch_age6_cdm_run_v31528665810605.png","rabbit"
"231","rabbit/age6/a rabbit_sketch_age6_cdm_run_v31530568471871.png","age6","cdm_run_v31527964199379","rabbit_sketch_age6_cdm_run_v31530568471871.png","rabbit"
"232","rabbit/age6/a rabbit_sketch_age6_cdm_run_v31528064164353.png","age6","cdm_run_v31527964199379","rabbit_sketch_age6_cdm_run_v31528064164353.png","rabbit"
"233","rabbit/age6/a rabbit_sketch_age6_cdm_run_v31531601459423.png","age6","cdm_run_v31527964199379","rabbit_sketch_age6_cdm_run_v31531601459423.png","rabbit"
"234","rabbit/age6/a rabbit_sketch_age6_cdm_run_v31530736179942.png","age6","cdm_run_v31527964199379","rabbit_sketch_age6_cdm_run_v31530736179942.png","rabbit"
"235","rabbit/age6/a rabbit_sketch_age6_cdm_run_v31528399548613.png","age6","cdm_run_v31527964199379","rabbit_sketch_age6_cdm_run_v31528399548613.png","rabbit"
"236","rabbit/age6/a rabbit_sketch_age6_cdm_run_v31531417799244.png","age6","cdm_run_v31527964199379","rabbit_sketch_age6_cdm_run_v31531417799244.png","rabbit"
"237","rabbit/age6/a rabbit_sketch_age6_cdm_run_v31530747157999.png","age6","cdm_run_v31527964199379","rabbit_sketch_age6_cdm_run_v31530747157999.png","rabbit"
"238","rabbit/age6/a rabbit_sketch_age6_cdm_run_v31528064399165.png","age6","cdm_run_v31527964199379","rabbit_sketch_age6_cdm_run_v31528064399165.png","rabbit"
"239","rabbit/age6/a rabbit_sketch_age6_cdm_run_v31530736835944.png","age6","cdm_run_v31527964199379","rabbit_sketch_age6_cdm_run_v31530736835944.png","rabbit"
"240","rabbit/age6/a rabbit_sketch_age6_cdm_run_v31528746954006.png","age6","cdm_run_v31527964199379","rabbit_sketch_age6_cdm_run_v31528746954006.png","rabbit"
"241","rabbit/age6/a rabbit_sketch_age6_cdm_run_v31529358887044.png","age6","cdm_run_v31527964199379","rabbit_sketch_age6_cdm_run_v31529358887044.png","rabbit"
"242","rabbit/age6/a rabbit_sketch_age6_cdm_run_v31529182048446.png","age6","cdm_run_v31527964199379","rabbit_sketch_age6_cdm_run_v31529182048446.png","rabbit"
"243","rabbit/age6/a rabbit_sketch_age6_cdm_run_v31531685252808.png","age6","cdm_run_v31527964199379","rabbit_sketch_age6_cdm_run_v31531685252808.png","rabbit"
"244","rabbit/age6/a rabbit_sketch_age6_cdm_run_v31528671848731.png","age6","cdm_run_v31527964199379","rabbit_sketch_age6_cdm_run_v31528671848731.png","rabbit"
"245","rabbit/age6/a rabbit_sketch_age6_cdm_run_v31530816296800.png","age6","cdm_run_v31527964199379","rabbit_sketch_age6_cdm_run_v31530816296800.png","rabbit"
"246","rabbit/age6/a rabbit_sketch_age6_cdm_run_v31528746703642.png","age6","cdm_run_v31527964199379","rabbit_sketch_age6_cdm_run_v31528746703642.png","rabbit"
"247","rabbit/age6/a rabbit_sketch_age6_cdm_run_v31528136999209.png","age6","cdm_run_v31527964199379","rabbit_sketch_age6_cdm_run_v31528136999209.png","rabbit"
"248","rabbit/age6/a rabbit_sketch_age6_cdm_run_v31528408575173.png","age6","cdm_run_v31527964199379","rabbit_sketch_age6_cdm_run_v31528408575173.png","rabbit"
"249","rabbit/age6/a rabbit_sketch_age6_cdm_run_v31532113255816.png","age6","cdm_run_v31527964199379","rabbit_sketch_age6_cdm_run_v31532113255816.png","rabbit"
"250","rabbit/age6/a rabbit_sketch_age6_cdm_run_v31532117602626.png","age6","cdm_run_v31527964199379","rabbit_sketch_age6_cdm_run_v31532117602626.png","rabbit"
"251","rabbit/age6/a rabbit_sketch_age6_cdm_run_v31531341474003.png","age6","cdm_run_v31527964199379","rabbit_sketch_age6_cdm_run_v31531341474003.png","rabbit"
"252","rabbit/age6/a rabbit_sketch_age6_cdm_run_v31528408799127.png","age6","cdm_run_v31527964199379","rabbit_sketch_age6_cdm_run_v31528408799127.png","rabbit"
"253","dog/age6/a dog_sketch_age6_cdm_run_v31526240601849.png","age6","cdm_run_v31527964199379","dog_sketch_age6_cdm_run_v31526240601849.png","dog"
"254","dog/age6/a dog_sketch_age6_cdm_run_v31532982235550.png","age6","cdm_run_v31527964199379","dog_sketch_age6_cdm_run_v31532982235550.png","dog"
"255","dog/age6/a dog_sketch_age6_cdm_run_v31525893423612.png","age6","cdm_run_v31527964199379","dog_sketch_age6_cdm_run_v31525893423612.png","dog"
"256","dog/age6/a dog_sketch_age6_cdm_run_v21525461716081.png","age6","cdm_run_v31527964199379","dog_sketch_age6_cdm_run_v21525461716081.png","dog"
"257","dog/age6/a dog_sketch_age6_cdm_run_v31526063462438.png","age6","cdm_run_v31527964199379","dog_sketch_age6_cdm_run_v31526063462438.png","dog"
"258","dog/age6/a dog_sketch_age6_cdm_run_v31526669362249.png","age6","cdm_run_v31527964199379","dog_sketch_age6_cdm_run_v31526669362249.png","dog"
"259","dog/age6/a dog_sketch_age6_cdm_run_v31526665223948.png","age6","cdm_run_v31527964199379","dog_sketch_age6_cdm_run_v31526665223948.png","dog"
"260","dog/age6/a dog_sketch_age6_cdm_run_v31525891444648.png","age6","cdm_run_v31527964199379","dog_sketch_age6_cdm_run_v31525891444648.png","dog"
"261","dog/age6/a dog_sketch_age6_cdm_run_v31526665751276.png","age6","cdm_run_v31527964199379","dog_sketch_age6_cdm_run_v31526665751276.png","dog"
"262","dog/age6/a dog_sketch_age6_cdm_run_v31532992438456.png","age6","cdm_run_v31527964199379","dog_sketch_age6_cdm_run_v31532992438456.png","dog"
"263","dog/age6/a dog_sketch_age6_cdm_run_v31526251955281.png","age6","cdm_run_v31527964199379","dog_sketch_age6_cdm_run_v31526251955281.png","dog"
"264","dog/age6/a dog_sketch_age6_cdm_run_v31525887854758.png","age6","cdm_run_v31527964199379","dog_sketch_age6_cdm_run_v31525887854758.png","dog"
"265","dog/age6/a dog_sketch_age6_cdm_run_v31533065061260.png","age6","cdm_run_v31527964199379","dog_sketch_age6_cdm_run_v31533065061260.png","dog"
"266","dog/age6/a dog_sketch_age6_cdm_run_v31532469506975.png","age6","cdm_run_v31527964199379","dog_sketch_age6_cdm_run_v31532469506975.png","dog"
"267","dog/age6/a dog_sketch_age6_cdm_run_v31526666150080.png","age6","cdm_run_v31527964199379","dog_sketch_age6_cdm_run_v31526666150080.png","dog"
"268","dog/age6/a dog_sketch_age6_cdm_run_v21525560249104.png","age6","cdm_run_v31527964199379","dog_sketch_age6_cdm_run_v21525560249104.png","dog"
"269","dog/age6/a dog_sketch_age6_cdm_run_v31532810871513.png","age6","cdm_run_v31527964199379","dog_sketch_age6_cdm_run_v31532810871513.png","dog"
"270","dog/age6/a dog_sketch_age6_cdm_run_v31532546378789.png","age6","cdm_run_v31527964199379","dog_sketch_age6_cdm_run_v31532546378789.png","dog"
"271","dog/age6/a dog_sketch_age6_cdm_run_v21525455237137.png","age6","cdm_run_v31527964199379","dog_sketch_age6_cdm_run_v21525455237137.png","dog"
"272","dog/age6/a dog_sketch_age6_cdm_run_v21524853769415.png","age6","cdm_run_v31527964199379","dog_sketch_age6_cdm_run_v21524853769415.png","dog"
"273","dog/age6/a dog_sketch_age6_cdm_run_v21525548553791.png","age6","cdm_run_v31527964199379","dog_sketch_age6_cdm_run_v21525548553791.png","dog"
"274","dog/age6/a dog_sketch_age6_cdm_run_v31532992214354.png","age6","cdm_run_v31527964199379","dog_sketch_age6_cdm_run_v31532992214354.png","dog"
"275","dog/age6/a dog_sketch_age6_cdm_run_v31532989462454.png","age6","cdm_run_v31527964199379","dog_sketch_age6_cdm_run_v31532989462454.png","dog"
"276","dog/age6/a dog_sketch_age6_cdm_run_v31525974358965.png","age6","cdm_run_v31527964199379","dog_sketch_age6_cdm_run_v31525974358965.png","dog"
"277","dog/age6/a dog_sketch_age6_cdm_run_v31526168752022.png","age6","cdm_run_v31527964199379","dog_sketch_age6_cdm_run_v31526168752022.png","dog"
"278","dog/age6/a dog_sketch_age6_cdm_run_v31526581096926.png","age6","cdm_run_v31527964199379","dog_sketch_age6_cdm_run_v31526581096926.png","dog"
"279","dog/age6/a dog_sketch_age6_cdm_run_v31533063763887.png","age6","cdm_run_v31527964199379","dog_sketch_age6_cdm_run_v31533063763887.png","dog"
"280","dog/age6/a dog_sketch_age6_cdm_run_v31532557871071.png","age6","cdm_run_v31527964199379","dog_sketch_age6_cdm_run_v31532557871071.png","dog"
"281","bird/age6/a bird_sketch_age6_cdm_run_v31528501199314.png","age6","cdm_run_v31527964199379","bird_sketch_age6_cdm_run_v31528501199314.png","bird"
"282","bird/age6/a bird_sketch_age6_cdm_run_v31531345439383.png","age6","cdm_run_v31527964199379","bird_sketch_age6_cdm_run_v31531345439383.png","bird"
"283","bird/age6/a bird_sketch_age6_cdm_run_v31531425410975.png","age6","cdm_run_v31527964199379","bird_sketch_age6_cdm_run_v31531425410975.png","bird"
"284","bird/age6/a bird_sketch_age6_cdm_run_v31528584866783.png","age6","cdm_run_v31527964199379","bird_sketch_age6_cdm_run_v31528584866783.png","bird"
"285","bird/age6/a bird_sketch_age6_cdm_run_v31531697804442.png","age6","cdm_run_v31527964199379","bird_sketch_age6_cdm_run_v31531697804442.png","bird"
"286","bird/age6/a bird_sketch_age6_cdm_run_v31531685252808.png","age6","cdm_run_v31527964199379","bird_sketch_age6_cdm_run_v31531685252808.png","bird"
"287","bird/age6/a bird_sketch_age6_cdm_run_v31528409084005.png","age6","cdm_run_v31527964199379","bird_sketch_age6_cdm_run_v31528409084005.png","bird"
"288","bird/age6/a bird_sketch_age6_cdm_run_v31531341196691.png","age6","cdm_run_v31527964199379","bird_sketch_age6_cdm_run_v31531341196691.png","bird"
"289","bird/age6/a bird_sketch_age6_cdm_run_v31528663382629.png","age6","cdm_run_v31527964199379","bird_sketch_age6_cdm_run_v31528663382629.png","bird"
"290","bird/age6/a bird_sketch_age6_cdm_run_v31528320073908.png","age6","cdm_run_v31527964199379","bird_sketch_age6_cdm_run_v31528320073908.png","bird"
"291","bird/age6/a bird_sketch_age6_cdm_run_v31528747490464.png","age6","cdm_run_v31527964199379","bird_sketch_age6_cdm_run_v31528747490464.png","bird"
"292","bird/age6/a bird_sketch_age6_cdm_run_v31531857501990.png","age6","cdm_run_v31527964199379","bird_sketch_age6_cdm_run_v31531857501990.png","bird"
"293","bird/age6/a bird_sketch_age6_cdm_run_v31531776375845.png","age6","cdm_run_v31527964199379","bird_sketch_age6_cdm_run_v31531776375845.png","bird"
"294","bird/age6/a bird_sketch_age6_cdm_run_v31532112624073.png","age6","cdm_run_v31527964199379","bird_sketch_age6_cdm_run_v31532112624073.png","bird"
"295","bird/age6/a bird_sketch_age6_cdm_run_v31531421766660.png","age6","cdm_run_v31527964199379","bird_sketch_age6_cdm_run_v31531421766660.png","bird"
"296","bird/age6/a bird_sketch_age6_cdm_run_v31528746703642.png","age6","cdm_run_v31527964199379","bird_sketch_age6_cdm_run_v31528746703642.png","bird"
"297","bird/age6/a bird_sketch_age6_cdm_run_v31528229399210.png","age6","cdm_run_v31527964199379","bird_sketch_age6_cdm_run_v31528229399210.png","bird"
"298","bird/age6/a bird_sketch_age6_cdm_run_v31531594269284.png","age6","cdm_run_v31527964199379","bird_sketch_age6_cdm_run_v31531594269284.png","bird"
"299","bird/age6/a bird_sketch_age6_cdm_run_v31530390310095.png","age6","cdm_run_v31527964199379","bird_sketch_age6_cdm_run_v31530390310095.png","bird"
"300","bird/age6/a bird_sketch_age6_cdm_run_v31532113255816.png","age6","cdm_run_v31527964199379","bird_sketch_age6_cdm_run_v31532113255816.png","bird"
"301","bird/age6/a bird_sketch_age6_cdm_run_v31530654982647.png","age6","cdm_run_v31527964199379","bird_sketch_age6_cdm_run_v31530654982647.png","bird"
"302","bird/age6/a bird_sketch_age6_cdm_run_v31531601459423.png","age6","cdm_run_v31527964199379","bird_sketch_age6_cdm_run_v31531601459423.png","bird"
"303","bird/age6/a bird_sketch_age6_cdm_run_v31528671848731.png","age6","cdm_run_v31527964199379","bird_sketch_age6_cdm_run_v31528671848731.png","bird"
"304","bird/age6/a bird_sketch_age6_cdm_run_v31528064164353.png","age6","cdm_run_v31527964199379","bird_sketch_age6_cdm_run_v31528064164353.png","bird"
"305","bird/age6/a bird_sketch_age6_cdm_run_v31529358887044.png","age6","cdm_run_v31527964199379","bird_sketch_age6_cdm_run_v31529358887044.png","bird"
"306","bird/age6/a bird_sketch_age6_cdm_run_v31531848222253.png","age6","cdm_run_v31527964199379","bird_sketch_age6_cdm_run_v31531848222253.png","bird"
"307","bird/age6/a bird_sketch_age6_cdm_run_v31530747157999.png","age6","cdm_run_v31527964199379","bird_sketch_age6_cdm_run_v31530747157999.png","bird"
"308","bird/age6/a bird_sketch_age6_cdm_run_v31528583252900.png","age6","cdm_run_v31527964199379","bird_sketch_age6_cdm_run_v31528583252900.png","bird"
"309","fish/age6/a fish_sketch_age6_cdm_run_v31525976032935.png","age6","cdm_run_v31527964199379","fish_sketch_age6_cdm_run_v31525976032935.png","fish"
"310","fish/age6/a fish_sketch_age6_cdm_run_v21525562697676.png","age6","cdm_run_v31527964199379","fish_sketch_age6_cdm_run_v21525562697676.png","fish"
"311","fish/age6/a fish_sketch_age6_cdm_run_v31532557871071.png","age6","cdm_run_v31527964199379","fish_sketch_age6_cdm_run_v31532557871071.png","fish"
"312","fish/age6/a fish_sketch_age6_cdm_run_v31525893423612.png","age6","cdm_run_v31527964199379","fish_sketch_age6_cdm_run_v31525893423612.png","fish"
"313","fish/age6/a fish_sketch_age6_cdm_run_v31533148690188.png","age6","cdm_run_v31527964199379","fish_sketch_age6_cdm_run_v31533148690188.png","fish"
"314","fish/age6/a fish_sketch_age6_cdm_run_v21525461357850.png","age6","cdm_run_v31527964199379","fish_sketch_age6_cdm_run_v21525461357850.png","fish"
"315","fish/age6/a fish_sketch_age6_cdm_run_v31525974358965.png","age6","cdm_run_v31527964199379","fish_sketch_age6_cdm_run_v31525974358965.png","fish"
"316","fish/age6/a fish_sketch_age6_cdm_run_v31527795903170.png","age6","cdm_run_v31527964199379","fish_sketch_age6_cdm_run_v31527795903170.png","fish"
"317","fish/age6/a fish_sketch_age6_cdm_run_v21525548553791.png","age6","cdm_run_v31527964199379","fish_sketch_age6_cdm_run_v21525548553791.png","fish"
"318","fish/age6/a fish_sketch_age6_cdm_run_v31526251554792.png","age6","cdm_run_v31527964199379","fish_sketch_age6_cdm_run_v31526251554792.png","fish"
"319","fish/age6/a fish_sketch_age6_cdm_run_v31526060998610.png","age6","cdm_run_v31527964199379","fish_sketch_age6_cdm_run_v31526060998610.png","fish"
"320","fish/age6/a fish_sketch_age6_cdm_run_v31532646358353.png","age6","cdm_run_v31527964199379","fish_sketch_age6_cdm_run_v31532646358353.png","fish"
"321","fish/age6/a fish_sketch_age6_cdm_run_v31532992214354.png","age6","cdm_run_v31527964199379","fish_sketch_age6_cdm_run_v31532992214354.png","fish"
"322","fish/age6/a fish_sketch_age6_cdm_run_v31526063950237.png","age6","cdm_run_v31527964199379","fish_sketch_age6_cdm_run_v31526063950237.png","fish"
"323","fish/age6/a fish_sketch_age6_cdm_run_v31532992438456.png","age6","cdm_run_v31527964199379","fish_sketch_age6_cdm_run_v31532992438456.png","fish"
"324","fish/age6/a fish_sketch_age6_cdm_run_v31526168752022.png","age6","cdm_run_v31527964199379","fish_sketch_age6_cdm_run_v31526168752022.png","fish"
"325","fish/age6/a fish_sketch_age6_cdm_run_v21525455773609.png","age6","cdm_run_v31527964199379","fish_sketch_age6_cdm_run_v21525455773609.png","fish"
"326","fish/age6/a fish_sketch_age6_cdm_run_v21525556427967.png","age6","cdm_run_v31527964199379","fish_sketch_age6_cdm_run_v21525556427967.png","fish"
"327","fish/age6/a fish_sketch_age6_cdm_run_v31532469506975.png","age6","cdm_run_v31527964199379","fish_sketch_age6_cdm_run_v31532469506975.png","fish"
"328","fish/age6/a fish_sketch_age6_cdm_run_v21525561152170.png","age6","cdm_run_v31527964199379","fish_sketch_age6_cdm_run_v21525561152170.png","fish"
"329","fish/age6/a fish_sketch_age6_cdm_run_v21525455237137.png","age6","cdm_run_v31527964199379","fish_sketch_age6_cdm_run_v21525455237137.png","fish"
"330","fish/age6/a fish_sketch_age6_cdm_run_v31526157685006.png","age6","cdm_run_v31527964199379","fish_sketch_age6_cdm_run_v31526157685006.png","fish"
"331","fish/age6/a fish_sketch_age6_cdm_run_v31527787275455.png","age6","cdm_run_v31527964199379","fish_sketch_age6_cdm_run_v31527787275455.png","fish"
"332","fish/age6/a fish_sketch_age6_cdm_run_v31532805314914.png","age6","cdm_run_v31527964199379","fish_sketch_age6_cdm_run_v31532805314914.png","fish"
"333","fish/age6/a fish_sketch_age6_cdm_run_v21524853769415.png","age6","cdm_run_v31527964199379","fish_sketch_age6_cdm_run_v21524853769415.png","fish"
"334","fish/age6/a fish_sketch_age6_cdm_run_v31527892199324.png","age6","cdm_run_v31527964199379","fish_sketch_age6_cdm_run_v31527892199324.png","fish"
"335","fish/age6/a fish_sketch_age6_cdm_run_v31525891955621.png","age6","cdm_run_v31527964199379","fish_sketch_age6_cdm_run_v31525891955621.png","fish"
"336","fish/age6/a fish_sketch_age6_cdm_run_v31525891444648.png","age6","cdm_run_v31527964199379","fish_sketch_age6_cdm_run_v31525891444648.png","fish"
"337","rabbit/age7/a rabbit_sketch_age7_cdm_run_v31530394444658.png","age7","cdm_run_v31527964199379","rabbit_sketch_age7_cdm_run_v31530394444658.png","rabbit"
"338","rabbit/age7/a rabbit_sketch_age7_cdm_run_v31528919459689.png","age7","cdm_run_v31527964199379","rabbit_sketch_age7_cdm_run_v31528919459689.png","rabbit"
"339","rabbit/age7/a rabbit_sketch_age7_cdm_run_v31531769584349.png","age7","cdm_run_v31527964199379","rabbit_sketch_age7_cdm_run_v31531769584349.png","rabbit"
"340","rabbit/age7/a rabbit_sketch_age7_cdm_run_v31531506560996.png","age7","cdm_run_v31527964199379","rabbit_sketch_age7_cdm_run_v31531506560996.png","rabbit"
"341","rabbit/age7/a rabbit_sketch_age7_cdm_run_v31532034912264.png","age7","cdm_run_v31527964199379","rabbit_sketch_age7_cdm_run_v31532034912264.png","rabbit"
"342","rabbit/age7/a rabbit_sketch_age7_cdm_run_v31531338246387.png","age7","cdm_run_v31527964199379","rabbit_sketch_age7_cdm_run_v31531338246387.png","rabbit"
"343","rabbit/age7/a rabbit_sketch_age7_cdm_run_v31532123073667.png","age7","cdm_run_v31527964199379","rabbit_sketch_age7_cdm_run_v31532123073667.png","rabbit"
"344","rabbit/age7/a rabbit_sketch_age7_cdm_run_v31530818736526.png","age7","cdm_run_v31527964199379","rabbit_sketch_age7_cdm_run_v31530818736526.png","rabbit"
"345","rabbit/age7/a rabbit_sketch_age7_cdm_run_v31530572855813.png","age7","cdm_run_v31527964199379","rabbit_sketch_age7_cdm_run_v31530572855813.png","rabbit"
"346","rabbit/age7/a rabbit_sketch_age7_cdm_run_v31528394999246.png","age7","cdm_run_v31527964199379","rabbit_sketch_age7_cdm_run_v31528394999246.png","rabbit"
"347","rabbit/age7/a rabbit_sketch_age7_cdm_run_v31531952793335.png","age7","cdm_run_v31527964199379","rabbit_sketch_age7_cdm_run_v31531952793335.png","rabbit"
"348","rabbit/age7/a rabbit_sketch_age7_cdm_run_v31531344318041.png","age7","cdm_run_v31527964199379","rabbit_sketch_age7_cdm_run_v31531344318041.png","rabbit"
"349","rabbit/age7/a rabbit_sketch_age7_cdm_run_v31531339169894.png","age7","cdm_run_v31527964199379","rabbit_sketch_age7_cdm_run_v31531339169894.png","rabbit"
"350","rabbit/age7/a rabbit_sketch_age7_cdm_run_v31529438726305.png","age7","cdm_run_v31527964199379","rabbit_sketch_age7_cdm_run_v31529438726305.png","rabbit"
"351","rabbit/age7/a rabbit_sketch_age7_cdm_run_v31529088599359.png","age7","cdm_run_v31527964199379","rabbit_sketch_age7_cdm_run_v31529088599359.png","rabbit"
"352","rabbit/age7/a rabbit_sketch_age7_cdm_run_v31528999012122.png","age7","cdm_run_v31527964199379","rabbit_sketch_age7_cdm_run_v31528999012122.png","rabbit"
"353","rabbit/age7/a rabbit_sketch_age7_cdm_run_v31528057829952.png","age7","cdm_run_v31527964199379","rabbit_sketch_age7_cdm_run_v31528057829952.png","rabbit"
"354","rabbit/age7/a rabbit_sketch_age7_cdm_run_v31530646004607.png","age7","cdm_run_v31527964199379","rabbit_sketch_age7_cdm_run_v31530646004607.png","rabbit"
"355","rabbit/age7/a rabbit_sketch_age7_cdm_run_v31527972038759.png","age7","cdm_run_v31527964199379","rabbit_sketch_age7_cdm_run_v31527972038759.png","rabbit"
"356","rabbit/age7/a rabbit_sketch_age7_cdm_run_v31530644143472.png","age7","cdm_run_v31527964199379","rabbit_sketch_age7_cdm_run_v31530644143472.png","rabbit"
"357","rabbit/age7/a rabbit_sketch_age7_cdm_run_v31531424995744.png","age7","cdm_run_v31527964199379","rabbit_sketch_age7_cdm_run_v31531424995744.png","rabbit"
"358","rabbit/age7/a rabbit_sketch_age7_cdm_run_v31530743542038.png","age7","cdm_run_v31527964199379","rabbit_sketch_age7_cdm_run_v31530743542038.png","rabbit"
"359","rabbit/age7/a rabbit_sketch_age7_cdm_run_v31530486723560.png","age7","cdm_run_v31527964199379","rabbit_sketch_age7_cdm_run_v31530486723560.png","rabbit"
"360","rabbit/age7/a rabbit_sketch_age7_cdm_run_v31530729544848.png","age7","cdm_run_v31527964199379","rabbit_sketch_age7_cdm_run_v31530729544848.png","rabbit"
"361","rabbit/age7/a rabbit_sketch_age7_cdm_run_v31530558706822.png","age7","cdm_run_v31527964199379","rabbit_sketch_age7_cdm_run_v31530558706822.png","rabbit"
"362","rabbit/age7/a rabbit_sketch_age7_cdm_run_v31531692832204.png","age7","cdm_run_v31527964199379","rabbit_sketch_age7_cdm_run_v31531692832204.png","rabbit"
"363","rabbit/age7/a rabbit_sketch_age7_cdm_run_v31531693076482.png","age7","cdm_run_v31527964199379","rabbit_sketch_age7_cdm_run_v31531693076482.png","rabbit"
"364","rabbit/age7/a rabbit_sketch_age7_cdm_run_v31528913633652.png","age7","cdm_run_v31527964199379","rabbit_sketch_age7_cdm_run_v31528913633652.png","rabbit"
"365","dog/age7/a dog_sketch_age7_cdm_run_v31526064139398.png","age7","cdm_run_v31527964199379","dog_sketch_age7_cdm_run_v31526064139398.png","dog"
"366","dog/age7/a dog_sketch_age7_cdm_run_v31532457811213.png","age7","cdm_run_v31527964199379","dog_sketch_age7_cdm_run_v31532457811213.png","dog"
"367","dog/age7/a dog_sketch_age7_cdm_run_v21525458988973.png","age7","cdm_run_v31527964199379","dog_sketch_age7_cdm_run_v21525458988973.png","dog"
"368","dog/age7/a dog_sketch_age7_cdm_run_v31533239668735.png","age7","cdm_run_v31527964199379","dog_sketch_age7_cdm_run_v31533239668735.png","dog"
"369","dog/age7/a dog_sketch_age7_cdm_run_v31532730363351.png","age7","cdm_run_v31527964199379","dog_sketch_age7_cdm_run_v31532730363351.png","dog"
"370","dog/age7/a dog_sketch_age7_cdm_run_v31526598717979.png","age7","cdm_run_v31527964199379","dog_sketch_age7_cdm_run_v31526598717979.png","dog"
"371","dog/age7/a dog_sketch_age7_cdm_run_v21524858351543.png","age7","cdm_run_v31527964199379","dog_sketch_age7_cdm_run_v21524858351543.png","dog"
"372","dog/age7/a dog_sketch_age7_cdm_run_v31532641054603.png","age7","cdm_run_v31527964199379","dog_sketch_age7_cdm_run_v31532641054603.png","dog"
"373","dog/age7/a dog_sketch_age7_cdm_run_v21525555736798.png","age7","cdm_run_v31527964199379","dog_sketch_age7_cdm_run_v21525555736798.png","dog"
"374","dog/age7/a dog_sketch_age7_cdm_run_v21525642760576.png","age7","cdm_run_v31527964199379","dog_sketch_age7_cdm_run_v21525642760576.png","dog"
"375","dog/age7/a dog_sketch_age7_cdm_run_v31526252692974.png","age7","cdm_run_v31527964199379","dog_sketch_age7_cdm_run_v31526252692974.png","dog"
"376","dog/age7/a dog_sketch_age7_cdm_run_v21524858550029.png","age7","cdm_run_v31527964199379","dog_sketch_age7_cdm_run_v21524858550029.png","dog"
"377","dog/age7/a dog_sketch_age7_cdm_run_v31532638669417.png","age7","cdm_run_v31527964199379","dog_sketch_age7_cdm_run_v31532638669417.png","dog"
"378","dog/age7/a dog_sketch_age7_cdm_run_v31527872999599.png","age7","cdm_run_v31527964199379","dog_sketch_age7_cdm_run_v31527872999599.png","dog"
"379","dog/age7/a dog_sketch_age7_cdm_run_v31533077875433.png","age7","cdm_run_v31527964199379","dog_sketch_age7_cdm_run_v31533077875433.png","dog"
"380","dog/age7/a dog_sketch_age7_cdm_run_v31527793036538.png","age7","cdm_run_v31527964199379","dog_sketch_age7_cdm_run_v31527793036538.png","dog"
"381","dog/age7/a dog_sketch_age7_cdm_run_v31526064586872.png","age7","cdm_run_v31527964199379","dog_sketch_age7_cdm_run_v31526064586872.png","dog"
"382","dog/age7/a dog_sketch_age7_cdm_run_v31532726852504.png","age7","cdm_run_v31527964199379","dog_sketch_age7_cdm_run_v31532726852504.png","dog"
"383","dog/age7/a dog_sketch_age7_cdm_run_v31527789844695.png","age7","cdm_run_v31527964199379","dog_sketch_age7_cdm_run_v31527789844695.png","dog"
"384","dog/age7/a dog_sketch_age7_cdm_run_v21525374885643.png","age7","cdm_run_v31527964199379","dog_sketch_age7_cdm_run_v21525374885643.png","dog"
"385","dog/age7/a dog_sketch_age7_cdm_run_v31533165861944.png","age7","cdm_run_v31527964199379","dog_sketch_age7_cdm_run_v31533165861944.png","dog"
"386","dog/age7/a dog_sketch_age7_cdm_run_v31526060708396.png","age7","cdm_run_v31527964199379","dog_sketch_age7_cdm_run_v31526060708396.png","dog"
"387","dog/age7/a dog_sketch_age7_cdm_run_v31526244386384.png","age7","cdm_run_v31527964199379","dog_sketch_age7_cdm_run_v31526244386384.png","dog"
"388","dog/age7/a dog_sketch_age7_cdm_run_v31532813483298.png","age7","cdm_run_v31527964199379","dog_sketch_age7_cdm_run_v31532813483298.png","dog"
"389","dog/age7/a dog_sketch_age7_cdm_run_v21525378010692.png","age7","cdm_run_v31527964199379","dog_sketch_age7_cdm_run_v21525378010692.png","dog"
"390","dog/age7/a dog_sketch_age7_cdm_run_v31526061922561.png","age7","cdm_run_v31527964199379","dog_sketch_age7_cdm_run_v31526061922561.png","dog"
"391","dog/age7/a dog_sketch_age7_cdm_run_v21525457904470.png","age7","cdm_run_v31527964199379","dog_sketch_age7_cdm_run_v21525457904470.png","dog"
"392","dog/age7/a dog_sketch_age7_cdm_run_v21525459333293.png","age7","cdm_run_v31527964199379","dog_sketch_age7_cdm_run_v21525459333293.png","dog"
"393","bird/age7/a bird_sketch_age7_cdm_run_v31530729544848.png","age7","cdm_run_v31527964199379","bird_sketch_age7_cdm_run_v31530729544848.png","bird"
"394","bird/age7/a bird_sketch_age7_cdm_run_v31531506560996.png","age7","cdm_run_v31527964199379","bird_sketch_age7_cdm_run_v31531506560996.png","bird"
"395","bird/age7/a bird_sketch_age7_cdm_run_v31528999012122.png","age7","cdm_run_v31527964199379","bird_sketch_age7_cdm_run_v31528999012122.png","bird"
"396","bird/age7/a bird_sketch_age7_cdm_run_v31530817208588.png","age7","cdm_run_v31527964199379","bird_sketch_age7_cdm_run_v31530817208588.png","bird"
"397","bird/age7/a bird_sketch_age7_cdm_run_v31530401280143.png","age7","cdm_run_v31527964199379","bird_sketch_age7_cdm_run_v31530401280143.png","bird"
"398","bird/age7/a bird_sketch_age7_cdm_run_v31528057829952.png","age7","cdm_run_v31527964199379","bird_sketch_age7_cdm_run_v31528057829952.png","bird"
"399","bird/age7/a bird_sketch_age7_cdm_run_v31530558706822.png","age7","cdm_run_v31527964199379","bird_sketch_age7_cdm_run_v31530558706822.png","bird"
"400","bird/age7/a bird_sketch_age7_cdm_run_v31531508609741.png","age7","cdm_run_v31527964199379","bird_sketch_age7_cdm_run_v31531508609741.png","bird"
"401","bird/age7/a bird_sketch_age7_cdm_run_v31532117429606.png","age7","cdm_run_v31527964199379","bird_sketch_age7_cdm_run_v31532117429606.png","bird"
"402","bird/age7/a bird_sketch_age7_cdm_run_v31528394999246.png","age7","cdm_run_v31527964199379","bird_sketch_age7_cdm_run_v31528394999246.png","bird"
"403","bird/age7/a bird_sketch_age7_cdm_run_v31529522399308.png","age7","cdm_run_v31527964199379","bird_sketch_age7_cdm_run_v31529522399308.png","bird"
"404","bird/age7/a bird_sketch_age7_cdm_run_v31531511825717.png","age7","cdm_run_v31527964199379","bird_sketch_age7_cdm_run_v31531511825717.png","bird"
"405","bird/age7/a bird_sketch_age7_cdm_run_v31530737301771.png","age7","cdm_run_v31527964199379","bird_sketch_age7_cdm_run_v31530737301771.png","bird"
"406","bird/age7/a bird_sketch_age7_cdm_run_v31532127192962.png","age7","cdm_run_v31527964199379","bird_sketch_age7_cdm_run_v31532127192962.png","bird"
"407","bird/age7/a bird_sketch_age7_cdm_run_v31528065927196.png","age7","cdm_run_v31527964199379","bird_sketch_age7_cdm_run_v31528065927196.png","bird"
"408","bird/age7/a bird_sketch_age7_cdm_run_v31528478999353.png","age7","cdm_run_v31527964199379","bird_sketch_age7_cdm_run_v31528478999353.png","bird"
"409","bird/age7/a bird_sketch_age7_cdm_run_v31531954185970.png","age7","cdm_run_v31527964199379","bird_sketch_age7_cdm_run_v31531954185970.png","bird"
"410","bird/age7/a bird_sketch_age7_cdm_run_v31530817481755.png","age7","cdm_run_v31527964199379","bird_sketch_age7_cdm_run_v31530817481755.png","bird"
"411","bird/age7/a bird_sketch_age7_cdm_run_v31528064999186.png","age7","cdm_run_v31527964199379","bird_sketch_age7_cdm_run_v31528064999186.png","bird"
"412","bird/age7/a bird_sketch_age7_cdm_run_v31531769584349.png","age7","cdm_run_v31527964199379","bird_sketch_age7_cdm_run_v31531769584349.png","bird"
"413","bird/age7/a bird_sketch_age7_cdm_run_v31528919459689.png","age7","cdm_run_v31527964199379","bird_sketch_age7_cdm_run_v31528919459689.png","bird"
"414","bird/age7/a bird_sketch_age7_cdm_run_v31531594033814.png","age7","cdm_run_v31527964199379","bird_sketch_age7_cdm_run_v31531594033814.png","bird"
"415","bird/age7/a bird_sketch_age7_cdm_run_v31530818736526.png","age7","cdm_run_v31527964199379","bird_sketch_age7_cdm_run_v31530818736526.png","bird"
"416","bird/age7/a bird_sketch_age7_cdm_run_v31529438726305.png","age7","cdm_run_v31527964199379","bird_sketch_age7_cdm_run_v31529438726305.png","bird"
"417","bird/age7/a bird_sketch_age7_cdm_run_v31528395658642.png","age7","cdm_run_v31527964199379","bird_sketch_age7_cdm_run_v31528395658642.png","bird"
"418","bird/age7/a bird_sketch_age7_cdm_run_v31532123073667.png","age7","cdm_run_v31527964199379","bird_sketch_age7_cdm_run_v31532123073667.png","bird"
"419","bird/age7/a bird_sketch_age7_cdm_run_v31531952793335.png","age7","cdm_run_v31527964199379","bird_sketch_age7_cdm_run_v31531952793335.png","bird"
"420","bird/age7/a bird_sketch_age7_cdm_run_v31530646004607.png","age7","cdm_run_v31527964199379","bird_sketch_age7_cdm_run_v31530646004607.png","bird"
"421","fish/age7/a fish_sketch_age7_cdm_run_v31526074098901.png","age7","cdm_run_v31527964199379","fish_sketch_age7_cdm_run_v31526074098901.png","fish"
"422","fish/age7/a fish_sketch_age7_cdm_run_v21525374885643.png","age7","cdm_run_v31527964199379","fish_sketch_age7_cdm_run_v21525374885643.png","fish"
"423","fish/age7/a fish_sketch_age7_cdm_run_v31533077875433.png","age7","cdm_run_v31527964199379","fish_sketch_age7_cdm_run_v31533077875433.png","fish"
"424","fish/age7/a fish_sketch_age7_cdm_run_v31532638669417.png","age7","cdm_run_v31527964199379","fish_sketch_age7_cdm_run_v31532638669417.png","fish"
"425","fish/age7/a fish_sketch_age7_cdm_run_v31526244386384.png","age7","cdm_run_v31527964199379","fish_sketch_age7_cdm_run_v31526244386384.png","fish"
"426","fish/age7/a fish_sketch_age7_cdm_run_v21525642760576.png","age7","cdm_run_v31527964199379","fish_sketch_age7_cdm_run_v21525642760576.png","fish"
"427","fish/age7/a fish_sketch_age7_cdm_run_v31532641054603.png","age7","cdm_run_v31527964199379","fish_sketch_age7_cdm_run_v31532641054603.png","fish"
"428","fish/age7/a fish_sketch_age7_cdm_run_v31532808536853.png","age7","cdm_run_v31527964199379","fish_sketch_age7_cdm_run_v31532808536853.png","fish"
"429","fish/age7/a fish_sketch_age7_cdm_run_v31526064586872.png","age7","cdm_run_v31527964199379","fish_sketch_age7_cdm_run_v31526064586872.png","fish"
"430","fish/age7/a fish_sketch_age7_cdm_run_v31526598717979.png","age7","cdm_run_v31527964199379","fish_sketch_age7_cdm_run_v31526598717979.png","fish"
"431","fish/age7/a fish_sketch_age7_cdm_run_v31527793036538.png","age7","cdm_run_v31527964199379","fish_sketch_age7_cdm_run_v31527793036538.png","fish"
"432","fish/age7/a fish_sketch_age7_cdm_run_v21525459333293.png","age7","cdm_run_v31527964199379","fish_sketch_age7_cdm_run_v21525459333293.png","fish"
"433","fish/age7/a fish_sketch_age7_cdm_run_v31532730363351.png","age7","cdm_run_v31527964199379","fish_sketch_age7_cdm_run_v31532730363351.png","fish"
"434","fish/age7/a fish_sketch_age7_cdm_run_v31526061799166.png","age7","cdm_run_v31527964199379","fish_sketch_age7_cdm_run_v31526061799166.png","fish"
"435","fish/age7/a fish_sketch_age7_cdm_run_v21525378010692.png","age7","cdm_run_v31527964199379","fish_sketch_age7_cdm_run_v21525378010692.png","fish"
"436","fish/age7/a fish_sketch_age7_cdm_run_v21524854929261.png","age7","cdm_run_v31527964199379","fish_sketch_age7_cdm_run_v21524854929261.png","fish"
"437","fish/age7/a fish_sketch_age7_cdm_run_v21525457904470.png","age7","cdm_run_v31527964199379","fish_sketch_age7_cdm_run_v21525457904470.png","fish"
"438","fish/age7/a fish_sketch_age7_cdm_run_v31532978289131.png","age7","cdm_run_v31527964199379","fish_sketch_age7_cdm_run_v31532978289131.png","fish"
"439","fish/age7/a fish_sketch_age7_cdm_run_v21525455905420.png","age7","cdm_run_v31527964199379","fish_sketch_age7_cdm_run_v21525455905420.png","fish"
"440","fish/age7/a fish_sketch_age7_cdm_run_v31532813483298.png","age7","cdm_run_v31527964199379","fish_sketch_age7_cdm_run_v31532813483298.png","fish"
"441","fish/age7/a fish_sketch_age7_cdm_run_v31526064497532.png","age7","cdm_run_v31527964199379","fish_sketch_age7_cdm_run_v31526064497532.png","fish"
"442","fish/age7/a fish_sketch_age7_cdm_run_v31526508668316.png","age7","cdm_run_v31527964199379","fish_sketch_age7_cdm_run_v31526508668316.png","fish"
"443","fish/age7/a fish_sketch_age7_cdm_run_v31532816089383.png","age7","cdm_run_v31527964199379","fish_sketch_age7_cdm_run_v31532816089383.png","fish"
"444","fish/age7/a fish_sketch_age7_cdm_run_v31526417564997.png","age7","cdm_run_v31527964199379","fish_sketch_age7_cdm_run_v31526417564997.png","fish"
"445","fish/age7/a fish_sketch_age7_cdm_run_v31532726852504.png","age7","cdm_run_v31527964199379","fish_sketch_age7_cdm_run_v31532726852504.png","fish"
"446","fish/age7/a fish_sketch_age7_cdm_run_v31533064718080.png","age7","cdm_run_v31527964199379","fish_sketch_age7_cdm_run_v31533064718080.png","fish"
"447","fish/age7/a fish_sketch_age7_cdm_run_v31532457811213.png","age7","cdm_run_v31527964199379","fish_sketch_age7_cdm_run_v31532457811213.png","fish"
"448","fish/age7/a fish_sketch_age7_cdm_run_v31533239668735.png","age7","cdm_run_v31527964199379","fish_sketch_age7_cdm_run_v31533239668735.png","fish"
"449","rabbit/age8/a rabbit_sketch_age8_cdm_run_v31532111494633.png","age8","cdm_run_v31527964199379","rabbit_sketch_age8_cdm_run_v31532111494633.png","rabbit"
"450","rabbit/age8/a rabbit_sketch_age8_cdm_run_v31527960931784.png","age8","cdm_run_v31527964199379","rabbit_sketch_age8_cdm_run_v31527960931784.png","rabbit"
"451","rabbit/age8/a rabbit_sketch_age8_cdm_run_v31530553622585.png","age8","cdm_run_v31527964199379","rabbit_sketch_age8_cdm_run_v31530553622585.png","rabbit"
"452","rabbit/age8/a rabbit_sketch_age8_cdm_run_v31528324269381.png","age8","cdm_run_v31527964199379","rabbit_sketch_age8_cdm_run_v31528324269381.png","rabbit"
"453","rabbit/age8/a rabbit_sketch_age8_cdm_run_v31530650564568.png","age8","cdm_run_v31527964199379","rabbit_sketch_age8_cdm_run_v31530650564568.png","rabbit"
"454","rabbit/age8/a rabbit_sketch_age8_cdm_run_v31529426399365.png","age8","cdm_run_v31527964199379","rabbit_sketch_age8_cdm_run_v31529426399365.png","rabbit"
"455","rabbit/age8/a rabbit_sketch_age8_cdm_run_v31531684414594.png","age8","cdm_run_v31527964199379","rabbit_sketch_age8_cdm_run_v31531684414594.png","rabbit"
"456","rabbit/age8/a rabbit_sketch_age8_cdm_run_v31529359799192.png","age8","cdm_run_v31527964199379","rabbit_sketch_age8_cdm_run_v31529359799192.png","rabbit"
"457","rabbit/age8/a rabbit_sketch_age8_cdm_run_v31528065690229.png","age8","cdm_run_v31527964199379","rabbit_sketch_age8_cdm_run_v31528065690229.png","rabbit"
"458","rabbit/age8/a rabbit_sketch_age8_cdm_run_v31530643497768.png","age8","cdm_run_v31527964199379","rabbit_sketch_age8_cdm_run_v31530643497768.png","rabbit"
"459","rabbit/age8/a rabbit_sketch_age8_cdm_run_v31531686508439.png","age8","cdm_run_v31527964199379","rabbit_sketch_age8_cdm_run_v31531686508439.png","rabbit"
"460","rabbit/age8/a rabbit_sketch_age8_cdm_run_v31531693363638.png","age8","cdm_run_v31527964199379","rabbit_sketch_age8_cdm_run_v31531693363638.png","rabbit"
"461","rabbit/age8/a rabbit_sketch_age8_cdm_run_v31528492236649.png","age8","cdm_run_v31527964199379","rabbit_sketch_age8_cdm_run_v31528492236649.png","rabbit"
"462","rabbit/age8/a rabbit_sketch_age8_cdm_run_v31531779637393.png","age8","cdm_run_v31527964199379","rabbit_sketch_age8_cdm_run_v31531779637393.png","rabbit"
"463","rabbit/age8/a rabbit_sketch_age8_cdm_run_v31528673399057.png","age8","cdm_run_v31527964199379","rabbit_sketch_age8_cdm_run_v31528673399057.png","rabbit"
"464","rabbit/age8/a rabbit_sketch_age8_cdm_run_v31532037422524.png","age8","cdm_run_v31527964199379","rabbit_sketch_age8_cdm_run_v31532037422524.png","rabbit"
"465","rabbit/age8/a rabbit_sketch_age8_cdm_run_v31531425150399.png","age8","cdm_run_v31527964199379","rabbit_sketch_age8_cdm_run_v31531425150399.png","rabbit"
"466","rabbit/age8/a rabbit_sketch_age8_cdm_run_v31531770788487.png","age8","cdm_run_v31527964199379","rabbit_sketch_age8_cdm_run_v31531770788487.png","rabbit"
"467","rabbit/age8/a rabbit_sketch_age8_cdm_run_v31531511496550.png","age8","cdm_run_v31527964199379","rabbit_sketch_age8_cdm_run_v31531511496550.png","rabbit"
"468","rabbit/age8/a rabbit_sketch_age8_cdm_run_v31528493095544.png","age8","cdm_run_v31527964199379","rabbit_sketch_age8_cdm_run_v31528493095544.png","rabbit"
"469","rabbit/age8/a rabbit_sketch_age8_cdm_run_v31528578599110.png","age8","cdm_run_v31527964199379","rabbit_sketch_age8_cdm_run_v31528578599110.png","rabbit"
"470","rabbit/age8/a rabbit_sketch_age8_cdm_run_v31532043793468.png","age8","cdm_run_v31527964199379","rabbit_sketch_age8_cdm_run_v31532043793468.png","rabbit"
"471","rabbit/age8/a rabbit_sketch_age8_cdm_run_v31530563421820.png","age8","cdm_run_v31527964199379","rabbit_sketch_age8_cdm_run_v31530563421820.png","rabbit"
"472","rabbit/age8/a rabbit_sketch_age8_cdm_run_v31531695363694.png","age8","cdm_run_v31527964199379","rabbit_sketch_age8_cdm_run_v31531695363694.png","rabbit"
"473","rabbit/age8/a rabbit_sketch_age8_cdm_run_v31531776164644.png","age8","cdm_run_v31527964199379","rabbit_sketch_age8_cdm_run_v31531776164644.png","rabbit"
"474","rabbit/age8/a rabbit_sketch_age8_cdm_run_v31528658399219.png","age8","cdm_run_v31527964199379","rabbit_sketch_age8_cdm_run_v31528658399219.png","rabbit"
"475","rabbit/age8/a rabbit_sketch_age8_cdm_run_v31531853118396.png","age8","cdm_run_v31527964199379","rabbit_sketch_age8_cdm_run_v31531853118396.png","rabbit"
"476","rabbit/age8/a rabbit_sketch_age8_cdm_run_v31529704867697.png","age8","cdm_run_v31527964199379","rabbit_sketch_age8_cdm_run_v31529704867697.png","rabbit"
"477","dog/age8/a dog_sketch_age8_cdm_run_v31533234855582.png","age8","cdm_run_v31527964199379","dog_sketch_age8_cdm_run_v31533234855582.png","dog"
"478","dog/age8/a dog_sketch_age8_cdm_run_v31526249878999.png","age8","cdm_run_v31527964199379","dog_sketch_age8_cdm_run_v31526249878999.png","dog"
"479","dog/age8/a dog_sketch_age8_cdm_run_v21525635720563.png","age8","cdm_run_v31527964199379","dog_sketch_age8_cdm_run_v21525635720563.png","dog"
"480","dog/age8/a dog_sketch_age8_cdm_run_v31532641491167.png","age8","cdm_run_v31527964199379","dog_sketch_age8_cdm_run_v31532641491167.png","dog"
"481","dog/age8/a dog_sketch_age8_cdm_run_v31532644417379.png","age8","cdm_run_v31527964199379","dog_sketch_age8_cdm_run_v31532644417379.png","dog"
"482","dog/age8/a dog_sketch_age8_cdm_run_v31532475011111.png","age8","cdm_run_v31527964199379","dog_sketch_age8_cdm_run_v31532475011111.png","dog"
"483","dog/age8/a dog_sketch_age8_cdm_run_v21524850675318.png","age8","cdm_run_v31527964199379","dog_sketch_age8_cdm_run_v21524850675318.png","dog"
"484","dog/age8/a dog_sketch_age8_cdm_run_v21525373474637.png","age8","cdm_run_v31527964199379","dog_sketch_age8_cdm_run_v21525373474637.png","dog"
"485","dog/age8/a dog_sketch_age8_cdm_run_v31533241811959.png","age8","cdm_run_v31527964199379","dog_sketch_age8_cdm_run_v31533241811959.png","dog"
"486","dog/age8/a dog_sketch_age8_cdm_run_v31532555117955.png","age8","cdm_run_v31527964199379","dog_sketch_age8_cdm_run_v31532555117955.png","dog"
"487","dog/age8/a dog_sketch_age8_cdm_run_v31532545415363.png","age8","cdm_run_v31527964199379","dog_sketch_age8_cdm_run_v31532545415363.png","dog"
"488","dog/age8/a dog_sketch_age8_cdm_run_v31533241608392.png","age8","cdm_run_v31527964199379","dog_sketch_age8_cdm_run_v31533241608392.png","dog"
"489","dog/age8/a dog_sketch_age8_cdm_run_v31526152868212.png","age8","cdm_run_v31527964199379","dog_sketch_age8_cdm_run_v31526152868212.png","dog"
"490","dog/age8/a dog_sketch_age8_cdm_run_v21525556038612.png","age8","cdm_run_v31527964199379","dog_sketch_age8_cdm_run_v21525556038612.png","dog"
"491","dog/age8/a dog_sketch_age8_cdm_run_v31533070361004.png","age8","cdm_run_v31527964199379","dog_sketch_age8_cdm_run_v31533070361004.png","dog"
"492","dog/age8/a dog_sketch_age8_cdm_run_v31532980106776.png","age8","cdm_run_v31527964199379","dog_sketch_age8_cdm_run_v31532980106776.png","dog"
"493","dog/age8/a dog_sketch_age8_cdm_run_v31532469229565.png","age8","cdm_run_v31527964199379","dog_sketch_age8_cdm_run_v31532469229565.png","dog"
"494","dog/age8/a dog_sketch_age8_cdm_run_v31533080542007.png","age8","cdm_run_v31527964199379","dog_sketch_age8_cdm_run_v31533080542007.png","dog"
"495","dog/age8/a dog_sketch_age8_cdm_run_v31526413939938.png","age8","cdm_run_v31527964199379","dog_sketch_age8_cdm_run_v31526413939938.png","dog"
"496","dog/age8/a dog_sketch_age8_cdm_run_v31532811548992.png","age8","cdm_run_v31527964199379","dog_sketch_age8_cdm_run_v31532811548992.png","dog"
"497","dog/age8/a dog_sketch_age8_cdm_run_v31532631161644.png","age8","cdm_run_v31527964199379","dog_sketch_age8_cdm_run_v31532631161644.png","dog"
"498","dog/age8/a dog_sketch_age8_cdm_run_v21525646041749.png","age8","cdm_run_v31527964199379","dog_sketch_age8_cdm_run_v21525646041749.png","dog"
"499","dog/age8/a dog_sketch_age8_cdm_run_v31533166611248.png","age8","cdm_run_v31527964199379","dog_sketch_age8_cdm_run_v31533166611248.png","dog"
"500","dog/age8/a dog_sketch_age8_cdm_run_v31526164238357.png","age8","cdm_run_v31527964199379","dog_sketch_age8_cdm_run_v31526164238357.png","dog"
"501","dog/age8/a dog_sketch_age8_cdm_run_v31526163910656.png","age8","cdm_run_v31527964199379","dog_sketch_age8_cdm_run_v31526163910656.png","dog"
"502","dog/age8/a dog_sketch_age8_cdm_run_v31533150870177.png","age8","cdm_run_v31527964199379","dog_sketch_age8_cdm_run_v31533150870177.png","dog"
"503","dog/age8/a dog_sketch_age8_cdm_run_v31533076608623.png","age8","cdm_run_v31527964199379","dog_sketch_age8_cdm_run_v31533076608623.png","dog"
"504","dog/age8/a dog_sketch_age8_cdm_run_v21524852136263.png","age8","cdm_run_v31527964199379","dog_sketch_age8_cdm_run_v21524852136263.png","dog"
"505","bird/age8/a bird_sketch_age8_cdm_run_v31528492236649.png","age8","cdm_run_v31527964199379","bird_sketch_age8_cdm_run_v31528492236649.png","bird"
"506","bird/age8/a bird_sketch_age8_cdm_run_v31532037422524.png","age8","cdm_run_v31527964199379","bird_sketch_age8_cdm_run_v31532037422524.png","bird"
"507","bird/age8/a bird_sketch_age8_cdm_run_v31532111494633.png","age8","cdm_run_v31527964199379","bird_sketch_age8_cdm_run_v31532111494633.png","bird"
"508","bird/age8/a bird_sketch_age8_cdm_run_v31530484377182.png","age8","cdm_run_v31527964199379","bird_sketch_age8_cdm_run_v31530484377182.png","bird"
"509","bird/age8/a bird_sketch_age8_cdm_run_v31528324269381.png","age8","cdm_run_v31527964199379","bird_sketch_age8_cdm_run_v31528324269381.png","bird"
"510","bird/age8/a bird_sketch_age8_cdm_run_v31528743599209.png","age8","cdm_run_v31527964199379","bird_sketch_age8_cdm_run_v31528743599209.png","bird"
"511","bird/age8/a bird_sketch_age8_cdm_run_v31528493095544.png","age8","cdm_run_v31527964199379","bird_sketch_age8_cdm_run_v31528493095544.png","bird"
"512","bird/age8/a bird_sketch_age8_cdm_run_v31528413980859.png","age8","cdm_run_v31527964199379","bird_sketch_age8_cdm_run_v31528413980859.png","bird"
"513","bird/age8/a bird_sketch_age8_cdm_run_v31531511496550.png","age8","cdm_run_v31527964199379","bird_sketch_age8_cdm_run_v31531511496550.png","bird"
"514","bird/age8/a bird_sketch_age8_cdm_run_v31529704867697.png","age8","cdm_run_v31527964199379","bird_sketch_age8_cdm_run_v31529704867697.png","bird"
"515","bird/age8/a bird_sketch_age8_cdm_run_v31531684414594.png","age8","cdm_run_v31527964199379","bird_sketch_age8_cdm_run_v31531684414594.png","bird"
"516","bird/age8/a bird_sketch_age8_cdm_run_v31530643882583.png","age8","cdm_run_v31527964199379","bird_sketch_age8_cdm_run_v31530643882583.png","bird"
"517","bird/age8/a bird_sketch_age8_cdm_run_v31528065606112.png","age8","cdm_run_v31527964199379","bird_sketch_age8_cdm_run_v31528065606112.png","bird"
"518","bird/age8/a bird_sketch_age8_cdm_run_v31531605836468.png","age8","cdm_run_v31527964199379","bird_sketch_age8_cdm_run_v31531605836468.png","bird"
"519","bird/age8/a bird_sketch_age8_cdm_run_v31531770788487.png","age8","cdm_run_v31527964199379","bird_sketch_age8_cdm_run_v31531770788487.png","bird"
"520","bird/age8/a bird_sketch_age8_cdm_run_v31528492338463.png","age8","cdm_run_v31527964199379","bird_sketch_age8_cdm_run_v31528492338463.png","bird"
"521","bird/age8/a bird_sketch_age8_cdm_run_v31528406399205.png","age8","cdm_run_v31527964199379","bird_sketch_age8_cdm_run_v31528406399205.png","bird"
"522","bird/age8/a bird_sketch_age8_cdm_run_v31530553622585.png","age8","cdm_run_v31527964199379","bird_sketch_age8_cdm_run_v31530553622585.png","bird"
"523","bird/age8/a bird_sketch_age8_cdm_run_v31531686508439.png","age8","cdm_run_v31527964199379","bird_sketch_age8_cdm_run_v31531686508439.png","bird"
"524","bird/age8/a bird_sketch_age8_cdm_run_v31531425150399.png","age8","cdm_run_v31527964199379","bird_sketch_age8_cdm_run_v31531425150399.png","bird"
"525","bird/age8/a bird_sketch_age8_cdm_run_v31528743354449.png","age8","cdm_run_v31527964199379","bird_sketch_age8_cdm_run_v31528743354449.png","bird"
"526","bird/age8/a bird_sketch_age8_cdm_run_v31528743888718.png","age8","cdm_run_v31527964199379","bird_sketch_age8_cdm_run_v31528743888718.png","bird"
"527","bird/age8/a bird_sketch_age8_cdm_run_v31531853118396.png","age8","cdm_run_v31527964199379","bird_sketch_age8_cdm_run_v31531853118396.png","bird"
"528","bird/age8/a bird_sketch_age8_cdm_run_v31530650564568.png","age8","cdm_run_v31527964199379","bird_sketch_age8_cdm_run_v31530650564568.png","bird"
"529","bird/age8/a bird_sketch_age8_cdm_run_v31530563421820.png","age8","cdm_run_v31527964199379","bird_sketch_age8_cdm_run_v31530563421820.png","bird"
"530","bird/age8/a bird_sketch_age8_cdm_run_v31530643497768.png","age8","cdm_run_v31527964199379","bird_sketch_age8_cdm_run_v31530643497768.png","bird"
"531","bird/age8/a bird_sketch_age8_cdm_run_v31531779637393.png","age8","cdm_run_v31527964199379","bird_sketch_age8_cdm_run_v31531779637393.png","bird"
"532","bird/age8/a bird_sketch_age8_cdm_run_v31529360218856.png","age8","cdm_run_v31527964199379","bird_sketch_age8_cdm_run_v31529360218856.png","bird"
"533","fish/age8/a fish_sketch_age8_cdm_run_v31533241608392.png","age8","cdm_run_v31527964199379","fish_sketch_age8_cdm_run_v31533241608392.png","fish"
"534","fish/age8/a fish_sketch_age8_cdm_run_v21525373474637.png","age8","cdm_run_v31527964199379","fish_sketch_age8_cdm_run_v21525373474637.png","fish"
"535","fish/age8/a fish_sketch_age8_cdm_run_v31533070361004.png","age8","cdm_run_v31527964199379","fish_sketch_age8_cdm_run_v31533070361004.png","fish"
"536","fish/age8/a fish_sketch_age8_cdm_run_v31533234855582.png","age8","cdm_run_v31527964199379","fish_sketch_age8_cdm_run_v31533234855582.png","fish"
"537","fish/age8/a fish_sketch_age8_cdm_run_v21524852602415.png","age8","cdm_run_v31527964199379","fish_sketch_age8_cdm_run_v21524852602415.png","fish"
"538","fish/age8/a fish_sketch_age8_cdm_run_v31532811548992.png","age8","cdm_run_v31527964199379","fish_sketch_age8_cdm_run_v31532811548992.png","fish"
"539","fish/age8/a fish_sketch_age8_cdm_run_v31526164238357.png","age8","cdm_run_v31527964199379","fish_sketch_age8_cdm_run_v31526164238357.png","fish"
"540","fish/age8/a fish_sketch_age8_cdm_run_v21524850675318.png","age8","cdm_run_v31527964199379","fish_sketch_age8_cdm_run_v21524850675318.png","fish"
"541","fish/age8/a fish_sketch_age8_cdm_run_v31532631161644.png","age8","cdm_run_v31527964199379","fish_sketch_age8_cdm_run_v31532631161644.png","fish"
"542","fish/age8/a fish_sketch_age8_cdm_run_v31532821371094.png","age8","cdm_run_v31527964199379","fish_sketch_age8_cdm_run_v31532821371094.png","fish"
"543","fish/age8/a fish_sketch_age8_cdm_run_v31532545415363.png","age8","cdm_run_v31527964199379","fish_sketch_age8_cdm_run_v31532545415363.png","fish"
"544","fish/age8/a fish_sketch_age8_cdm_run_v31526413939938.png","age8","cdm_run_v31527964199379","fish_sketch_age8_cdm_run_v31526413939938.png","fish"
"545","fish/age8/a fish_sketch_age8_cdm_run_v31526253016255.png","age8","cdm_run_v31527964199379","fish_sketch_age8_cdm_run_v31526253016255.png","fish"
"546","fish/age8/a fish_sketch_age8_cdm_run_v31532980106776.png","age8","cdm_run_v31527964199379","fish_sketch_age8_cdm_run_v31532980106776.png","fish"
"547","fish/age8/a fish_sketch_age8_cdm_run_v21525556038612.png","age8","cdm_run_v31527964199379","fish_sketch_age8_cdm_run_v21525556038612.png","fish"
"548","fish/age8/a fish_sketch_age8_cdm_run_v21525549156031.png","age8","cdm_run_v31527964199379","fish_sketch_age8_cdm_run_v21525549156031.png","fish"
"549","fish/age8/a fish_sketch_age8_cdm_run_v21525371436644.png","age8","cdm_run_v31527964199379","fish_sketch_age8_cdm_run_v21525371436644.png","fish"
"550","fish/age8/a fish_sketch_age8_cdm_run_v21524852136263.png","age8","cdm_run_v31527964199379","fish_sketch_age8_cdm_run_v21524852136263.png","fish"
"551","fish/age8/a fish_sketch_age8_cdm_run_v31533076608623.png","age8","cdm_run_v31527964199379","fish_sketch_age8_cdm_run_v31533076608623.png","fish"
"552","fish/age8/a fish_sketch_age8_cdm_run_v21525646041749.png","age8","cdm_run_v31527964199379","fish_sketch_age8_cdm_run_v21525646041749.png","fish"
"553","fish/age8/a fish_sketch_age8_cdm_run_v31533241811959.png","age8","cdm_run_v31527964199379","fish_sketch_age8_cdm_run_v31533241811959.png","fish"
"554","fish/age8/a fish_sketch_age8_cdm_run_v31533150870177.png","age8","cdm_run_v31527964199379","fish_sketch_age8_cdm_run_v31533150870177.png","fish"
"555","fish/age8/a fish_sketch_age8_cdm_run_v31532469229565.png","age8","cdm_run_v31527964199379","fish_sketch_age8_cdm_run_v31532469229565.png","fish"
"556","fish/age8/a fish_sketch_age8_cdm_run_v31526074471797.png","age8","cdm_run_v31527964199379","fish_sketch_age8_cdm_run_v31526074471797.png","fish"
"557","fish/age8/a fish_sketch_age8_cdm_run_v31533148815589.png","age8","cdm_run_v31527964199379","fish_sketch_age8_cdm_run_v31533148815589.png","fish"
"558","fish/age8/a fish_sketch_age8_cdm_run_v31526152868212.png","age8","cdm_run_v31527964199379","fish_sketch_age8_cdm_run_v31526152868212.png","fish"
"559","fish/age8/a fish_sketch_age8_cdm_run_v31532555117955.png","age8","cdm_run_v31527964199379","fish_sketch_age8_cdm_run_v31532555117955.png","fish"
"560","fish/age8/a fish_sketch_age8_cdm_run_v31533080542007.png","age8","cdm_run_v31527964199379","fish_sketch_age8_cdm_run_v31533080542007.png","fish"
