"","age","sessionId","sketch_img_name","category"
"1","age4","cdm_run_v31526151383057","boat_sketch_age4_cdm_run_v31533756481420.png","boat"
"2","age4","cdm_run_v31526151383057","boat_sketch_age4_cdm_run_v31533509680357.png","boat"
"3","age4","cdm_run_v31526151383057","boat_sketch_age4_cdm_run_v31532714767665.png","boat"
"4","age4","cdm_run_v31526151383057","boat_sketch_age4_cdm_run_v31534712557845.png","boat"
"5","age4","cdm_run_v31526151383057","boat_sketch_age4_cdm_run_v31532715129943.png","boat"
"6","age4","cdm_run_v31526151383057","boat_sketch_age4_cdm_run_v31534628023931.png","boat"
"7","age4","cdm_run_v31526151383057","boat_sketch_age4_cdm_run_v31533665646277.png","boat"
"8","age4","cdm_run_v31526151383057","boat_sketch_age4_cdm_run_v31526065527149.png","boat"
"9","age4","cdm_run_v31526151383057","boat_sketch_age4_cdm_run_v31534279499637.png","boat"
"10","age4","cdm_run_v31526151383057","boat_sketch_age4_cdm_run_v31534457003877.png","boat"
"11","age4","cdm_run_v31526151383057","boat_sketch_age4_cdm_run_v31532643410894.png","boat"
"12","age4","cdm_run_v31526151383057","boat_sketch_age4_cdm_run_v31534801537754.png","boat"
"13","age4","cdm_run_v31526151383057","boat_sketch_age4_cdm_run_v31532893623593.png","boat"
"14","age4","cdm_run_v31526151383057","boat_sketch_age4_cdm_run_v31535574225677.png","boat"
"15","age4","cdm_run_v31526151383057","boat_sketch_age4_cdm_run_v31533501243808.png","boat"
"16","age4","cdm_run_v31526151383057","boat_sketch_age4_cdm_run_v31532806070697.png","boat"
"17","age4","cdm_run_v31526151383057","boat_sketch_age4_cdm_run_v31533676898644.png","boat"
"18","age4","cdm_run_v31526151383057","boat_sketch_age4_cdm_run_v31535740489930.png","boat"
"19","age4","cdm_run_v31526151383057","boat_sketch_age4_cdm_run_v31535393785775.png","boat"
"20","age4","cdm_run_v31526151383057","boat_sketch_age4_cdm_run_v31533153135562.png","boat"
"21","age4","cdm_run_v31526151383057","boat_sketch_age4_cdm_run_v31533929438685.png","boat"
"22","age4","cdm_run_v31526151383057","boat_sketch_age4_cdm_run_v31533334630848.png","boat"
"23","age4","cdm_run_v31526151383057","boat_sketch_age4_cdm_run_v31527882194414.png","boat"
"24","age4","cdm_run_v31526151383057","boat_sketch_age4_cdm_run_v31526167651102.png","boat"
"25","age4","cdm_run_v31526151383057","boat_sketch_age4_cdm_run_v31534198612126.png","boat"
"26","age4","cdm_run_v31526151383057","car_sketch_age4_cdm_run_v31526250064091.png","car"
"27","age4","cdm_run_v31526151383057","car_sketch_age4_cdm_run_v31535480569999.png","car"
"28","age4","cdm_run_v31526151383057","car_sketch_age4_cdm_run_v31533665646277.png","car"
"29","age4","cdm_run_v31526151383057","car_sketch_age4_cdm_run_v31526673903441.png","car"
"30","age4","cdm_run_v31526151383057","car_sketch_age4_cdm_run_v31526763707135.png","car"
"31","age4","cdm_run_v31526151383057","car_sketch_age4_cdm_run_v31532715129943.png","car"
"32","age4","cdm_run_v31526151383057","car_sketch_age4_cdm_run_v31533507748485.png","car"
"33","age4","cdm_run_v31526151383057","car_sketch_age4_cdm_run_v31533916799721.png","car"
"34","age4","cdm_run_v31526151383057","car_sketch_age4_cdm_run_v31533075663881.png","car"
"35","age4","cdm_run_v31526151383057","car_sketch_age4_cdm_run_v31534791081013.png","car"
"36","age4","cdm_run_v31526151383057","car_sketch_age4_cdm_run_v31526239192649.png","car"
"37","age4","cdm_run_v31526151383057","car_sketch_age4_cdm_run_v31533424380615.png","car"
"38","age4","cdm_run_v31526151383057","car_sketch_age4_cdm_run_v31533244161520.png","car"
"39","age4","cdm_run_v31526151383057","car_sketch_age4_cdm_run_v31533067619622.png","car"
"40","age4","cdm_run_v31526151383057","car_sketch_age4_cdm_run_v31535836657888.png","car"
"41","age4","cdm_run_v31526151383057","car_sketch_age4_cdm_run_v31533244430816.png","car"
"42","age4","cdm_run_v31526151383057","car_sketch_age4_cdm_run_v31533323370032.png","car"
"43","age4","cdm_run_v31526151383057","car_sketch_age4_cdm_run_v31533404883967.png","car"
"44","age4","cdm_run_v31526151383057","car_sketch_age4_cdm_run_v31532643410894.png","car"
"45","age4","cdm_run_v31526151383057","car_sketch_age4_cdm_run_v31534801537754.png","car"
"46","age4","cdm_run_v31526151383057","car_sketch_age4_cdm_run_v31534622195685.png","car"
"47","age4","cdm_run_v31526151383057","car_sketch_age4_cdm_run_v31533501243808.png","car"
"48","age4","cdm_run_v31526151383057","car_sketch_age4_cdm_run_v31526162026170.png","car"
"49","age4","cdm_run_v31526151383057","car_sketch_age4_cdm_run_v31535138252650.png","car"
"50","age4","cdm_run_v31526151383057","car_sketch_age4_cdm_run_v31534628023931.png","car"
"51","age4","cdm_run_v31526151383057","train_sketch_age4_cdm_run_v41541980982886.png","train"
"52","age4","cdm_run_v31526151383057","train_sketch_age4_cdm_run_v41542062654769.png","train"
"53","age4","cdm_run_v31526151383057","train_sketch_age4_cdm_run_v41537656198436.png","train"
"54","age4","cdm_run_v31526151383057","train_sketch_age4_cdm_run_v41541977171207.png","train"
"55","age4","cdm_run_v31526151383057","train_sketch_age4_cdm_run_v41541882997726.png","train"
"56","age4","cdm_run_v31526151383057","train_sketch_age4_cdm_run_v41541195291014.png","train"
"57","age4","cdm_run_v31526151383057","train_sketch_age4_cdm_run_v41541193373691.png","train"
"58","age4","cdm_run_v31526151383057","train_sketch_age4_cdm_run_v41538861393569.png","train"
"59","age4","cdm_run_v31526151383057","train_sketch_age4_cdm_run_v41542047958148.png","train"
"60","age4","cdm_run_v31526151383057","train_sketch_age4_cdm_run_v41536178424927.png","train"
"61","age4","cdm_run_v31526151383057","train_sketch_age4_cdm_run_v41541174399584.png","train"
"62","age4","cdm_run_v31526151383057","train_sketch_age4_cdm_run_v41541376096056.png","train"
"63","age4","cdm_run_v31526151383057","train_sketch_age4_cdm_run_v41541364480451.png","train"
"64","age4","cdm_run_v31526151383057","train_sketch_age4_cdm_run_v41536683678556.png","train"
"65","age4","cdm_run_v31526151383057","train_sketch_age4_cdm_run_v41538954679143.png","train"
"66","age4","cdm_run_v31526151383057","train_sketch_age4_cdm_run_v41540320464830.png","train"
"67","age4","cdm_run_v31526151383057","train_sketch_age4_cdm_run_v41539985570761.png","train"
"68","age4","cdm_run_v31526151383057","train_sketch_age4_cdm_run_v41541013771980.png","train"
"69","age4","cdm_run_v31526151383057","train_sketch_age4_cdm_run_v41541802235045.png","train"
"70","age4","cdm_run_v31526151383057","train_sketch_age4_cdm_run_v41540075430036.png","train"
"71","age4","cdm_run_v31526151383057","train_sketch_age4_cdm_run_v41539971036537.png","train"
"72","age4","cdm_run_v31526151383057","train_sketch_age4_cdm_run_v41541980591412.png","train"
"73","age4","cdm_run_v31526151383057","train_sketch_age4_cdm_run_v41541182991485.png","train"
"74","age4","cdm_run_v31526151383057","train_sketch_age4_cdm_run_v41539465783391.png","train"
"75","age4","cdm_run_v31526151383057","train_sketch_age4_cdm_run_v41540147652298.png","train"
"76","age4","cdm_run_v31526151383057","airplane_sketch_age4_cdm_run_v31528135799225.png","airplane"
"77","age4","cdm_run_v31526151383057","airplane_sketch_age4_cdm_run_v31529263799251.png","airplane"
"78","age4","cdm_run_v31526151383057","airplane_sketch_age4_cdm_run_v31528052168660.png","airplane"
"79","age4","cdm_run_v31526151383057","airplane_sketch_age4_cdm_run_v31528843580055.png","airplane"
"80","age4","cdm_run_v31526151383057","airplane_sketch_age4_cdm_run_v31531506812090.png","airplane"
"81","age4","cdm_run_v31526151383057","airplane_sketch_age4_cdm_run_v31530311922480.png","airplane"
"82","age4","cdm_run_v31526151383057","airplane_sketch_age4_cdm_run_v31531609488118.png","airplane"
"83","age4","cdm_run_v31526151383057","airplane_sketch_age4_cdm_run_v31530401539082.png","airplane"
"84","age4","cdm_run_v31526151383057","airplane_sketch_age4_cdm_run_v31531506470981.png","airplane"
"85","age4","cdm_run_v31526151383057","airplane_sketch_age4_cdm_run_v31530478955787.png","airplane"
"86","age4","cdm_run_v31526151383057","airplane_sketch_age4_cdm_run_v31530480400108.png","airplane"
"87","age4","cdm_run_v31526151383057","airplane_sketch_age4_cdm_run_v31531340810170.png","airplane"
"88","age4","cdm_run_v31526151383057","airplane_sketch_age4_cdm_run_v31529092199275.png","airplane"
"89","age4","cdm_run_v31526151383057","airplane_sketch_age4_cdm_run_v31528845599021.png","airplane"
"90","age4","cdm_run_v31526151383057","airplane_sketch_age4_cdm_run_v31528912799246.png","airplane"
"91","age4","cdm_run_v31526151383057","airplane_sketch_age4_cdm_run_v31530478539938.png","airplane"
"92","age4","cdm_run_v31526151383057","airplane_sketch_age4_cdm_run_v31532042124941.png","airplane"
"93","age4","cdm_run_v31526151383057","airplane_sketch_age4_cdm_run_v31530309361085.png","airplane"
"94","age4","cdm_run_v31526151383057","airplane_sketch_age4_cdm_run_v31530744309602.png","airplane"
"95","age4","cdm_run_v31526151383057","airplane_sketch_age4_cdm_run_v31532042260290.png","airplane"
"96","age4","cdm_run_v31526151383057","airplane_sketch_age4_cdm_run_v31528316999098.png","airplane"
"97","age4","cdm_run_v31526151383057","airplane_sketch_age4_cdm_run_v31528580999095.png","airplane"
"98","age4","cdm_run_v31526151383057","airplane_sketch_age4_cdm_run_v31528324990435.png","airplane"
"99","age4","cdm_run_v31526151383057","airplane_sketch_age4_cdm_run_v31528921199246.png","airplane"
"100","age4","cdm_run_v31526151383057","airplane_sketch_age4_cdm_run_v31530482097386.png","airplane"
"101","age5","cdm_run_v31526151383057","boat_sketch_age5_cdm_run_v31534115055932.png","boat"
"102","age5","cdm_run_v31526151383057","boat_sketch_age5_cdm_run_v31533063333125.png","boat"
"103","age5","cdm_run_v31526151383057","boat_sketch_age5_cdm_run_v31526766142852.png","boat"
"104","age5","cdm_run_v31526151383057","boat_sketch_age5_cdm_run_v31534618697014.png","boat"
"105","age5","cdm_run_v31526151383057","boat_sketch_age5_cdm_run_v31534282133145.png","boat"
"106","age5","cdm_run_v31526151383057","boat_sketch_age5_cdm_run_v31526766453659.png","boat"
"107","age5","cdm_run_v31526151383057","boat_sketch_age5_cdm_run_v31526157427450.png","boat"
"108","age5","cdm_run_v31526151383057","boat_sketch_age5_cdm_run_v31534621366270.png","boat"
"109","age5","cdm_run_v31526151383057","boat_sketch_age5_cdm_run_v31526254092272.png","boat"
"110","age5","cdm_run_v31526151383057","boat_sketch_age5_cdm_run_v31534878767073.png","boat"
"111","age5","cdm_run_v31526151383057","boat_sketch_age5_cdm_run_v31533942727083.png","boat"
"112","age5","cdm_run_v31526151383057","boat_sketch_age5_cdm_run_v31534448210635.png","boat"
"113","age5","cdm_run_v31526151383057","boat_sketch_age5_cdm_run_v31534109653532.png","boat"
"114","age5","cdm_run_v31526151383057","boat_sketch_age5_cdm_run_v31534023554835.png","boat"
"115","age5","cdm_run_v31526151383057","boat_sketch_age5_cdm_run_v31536015899873.png","boat"
"116","age5","cdm_run_v31526151383057","boat_sketch_age5_cdm_run_v31532553043342.png","boat"
"117","age5","cdm_run_v31526151383057","boat_sketch_age5_cdm_run_v31534268537168.png","boat"
"118","age5","cdm_run_v31526151383057","boat_sketch_age5_cdm_run_v31534615862265.png","boat"
"119","age5","cdm_run_v31526151383057","boat_sketch_age5_cdm_run_v31534534946282.png","boat"
"120","age5","cdm_run_v31526151383057","boat_sketch_age5_cdm_run_v31534202459269.png","boat"
"121","age5","cdm_run_v31526151383057","boat_sketch_age5_cdm_run_v31533671982464.png","boat"
"122","age5","cdm_run_v31526151383057","boat_sketch_age5_cdm_run_v31532637678672.png","boat"
"123","age5","cdm_run_v31526151383057","boat_sketch_age5_cdm_run_v31534445290775.png","boat"
"124","age5","cdm_run_v31526151383057","boat_sketch_age5_cdm_run_v31532472921086.png","boat"
"125","age5","cdm_run_v31526151383057","boat_sketch_age5_cdm_run_v31535927005519.png","boat"
"126","age5","cdm_run_v31526151383057","car_sketch_age5_cdm_run_v31532468496401.png","car"
"127","age5","cdm_run_v31526151383057","car_sketch_age5_cdm_run_v31534115334473.png","car"
"128","age5","cdm_run_v31526151383057","car_sketch_age5_cdm_run_v31534268537168.png","car"
"129","age5","cdm_run_v31526151383057","car_sketch_age5_cdm_run_v31534023554835.png","car"
"130","age5","cdm_run_v31526151383057","car_sketch_age5_cdm_run_v31533931810912.png","car"
"131","age5","cdm_run_v31526151383057","car_sketch_age5_cdm_run_v31532982445797.png","car"
"132","age5","cdm_run_v31526151383057","car_sketch_age5_cdm_run_v31534283389631.png","car"
"133","age5","cdm_run_v31526151383057","car_sketch_age5_cdm_run_v31533337322045.png","car"
"134","age5","cdm_run_v31526151383057","car_sketch_age5_cdm_run_v31532550368336.png","car"
"135","age5","cdm_run_v31526151383057","car_sketch_age5_cdm_run_v31526157427450.png","car"
"136","age5","cdm_run_v31526151383057","car_sketch_age5_cdm_run_v31534454579169.png","car"
"137","age5","cdm_run_v31526151383057","car_sketch_age5_cdm_run_v31535047381610.png","car"
"138","age5","cdm_run_v31526151383057","car_sketch_age5_cdm_run_v31536015899873.png","car"
"139","age5","cdm_run_v31526151383057","car_sketch_age5_cdm_run_v31532549292414.png","car"
"140","age5","cdm_run_v31526151383057","car_sketch_age5_cdm_run_v31534615862265.png","car"
"141","age5","cdm_run_v31526151383057","car_sketch_age5_cdm_run_v31534361101159.png","car"
"142","age5","cdm_run_v31526151383057","car_sketch_age5_cdm_run_v31534109653532.png","car"
"143","age5","cdm_run_v31526151383057","car_sketch_age5_cdm_run_v31534114853923.png","car"
"144","age5","cdm_run_v31526151383057","car_sketch_age5_cdm_run_v31534269898831.png","car"
"145","age5","cdm_run_v31526151383057","car_sketch_age5_cdm_run_v31526499554039.png","car"
"146","age5","cdm_run_v31526151383057","car_sketch_age5_cdm_run_v31535744931551.png","car"
"147","age5","cdm_run_v31526151383057","car_sketch_age5_cdm_run_v31527794044672.png","car"
"148","age5","cdm_run_v31526151383057","car_sketch_age5_cdm_run_v31526498877100.png","car"
"149","age5","cdm_run_v31526151383057","car_sketch_age5_cdm_run_v31534714393295.png","car"
"150","age5","cdm_run_v31526151383057","car_sketch_age5_cdm_run_v31534026736404.png","car"
"151","age5","cdm_run_v31526151383057","train_sketch_age5_cdm_run_v41541180944712.png","train"
"152","age5","cdm_run_v31526151383057","train_sketch_age5_cdm_run_v41540072238708.png","train"
"153","age5","cdm_run_v31526151383057","train_sketch_age5_cdm_run_v41541181301543.png","train"
"154","age5","cdm_run_v31526151383057","train_sketch_age5_cdm_run_v41536523040650.png","train"
"155","age5","cdm_run_v31526151383057","train_sketch_age5_cdm_run_v41539114877832.png","train"
"156","age5","cdm_run_v31526151383057","train_sketch_age5_cdm_run_v41541182317324.png","train"
"157","age5","cdm_run_v31526151383057","train_sketch_age5_cdm_run_v41541896767042.png","train"
"158","age5","cdm_run_v31526151383057","train_sketch_age5_cdm_run_v41541883758397.png","train"
"159","age5","cdm_run_v31526151383057","train_sketch_age5_cdm_run_v41541980099871.png","train"
"160","age5","cdm_run_v31526151383057","train_sketch_age5_cdm_run_v41536447334042.png","train"
"161","age5","cdm_run_v31526151383057","train_sketch_age5_cdm_run_v41541970856667.png","train"
"162","age5","cdm_run_v31526151383057","train_sketch_age5_cdm_run_v41536534491463.png","train"
"163","age5","cdm_run_v31526151383057","train_sketch_age5_cdm_run_v41538939679021.png","train"
"164","age5","cdm_run_v31526151383057","train_sketch_age5_cdm_run_v41540064769867.png","train"
"165","age5","cdm_run_v31526151383057","train_sketch_age5_cdm_run_v41542058373023.png","train"
"166","age5","cdm_run_v31526151383057","train_sketch_age5_cdm_run_v41541616048489.png","train"
"167","age5","cdm_run_v31526151383057","train_sketch_age5_cdm_run_v41540073378779.png","train"
"168","age5","cdm_run_v31526151383057","train_sketch_age5_cdm_run_v41538851068620.png","train"
"169","age5","cdm_run_v31526151383057","train_sketch_age5_cdm_run_v41542145004464.png","train"
"170","age5","cdm_run_v31526151383057","train_sketch_age5_cdm_run_v41539377501561.png","train"
"171","age5","cdm_run_v31526151383057","train_sketch_age5_cdm_run_v41541276548903.png","train"
"172","age5","cdm_run_v31526151383057","train_sketch_age5_cdm_run_v41536532125370.png","train"
"173","age5","cdm_run_v31526151383057","train_sketch_age5_cdm_run_v41537650464349.png","train"
"174","age5","cdm_run_v31526151383057","train_sketch_age5_cdm_run_v41541976072035.png","train"
"175","age5","cdm_run_v31526151383057","train_sketch_age5_cdm_run_v41536533918710.png","train"
"176","age5","cdm_run_v31526151383057","airplane_sketch_age5_cdm_run_v31528136881460.png","airplane"
"177","age5","cdm_run_v31526151383057","airplane_sketch_age5_cdm_run_v31531608572760.png","airplane"
"178","age5","cdm_run_v31526151383057","airplane_sketch_age5_cdm_run_v31529442599223.png","airplane"
"179","age5","cdm_run_v31526151383057","airplane_sketch_age5_cdm_run_v31532126921035.png","airplane"
"180","age5","cdm_run_v31526151383057","airplane_sketch_age5_cdm_run_v31528233345287.png","airplane"
"181","age5","cdm_run_v31526151383057","airplane_sketch_age5_cdm_run_v31527981599050.png","airplane"
"182","age5","cdm_run_v31526151383057","airplane_sketch_age5_cdm_run_v31529447248959.png","airplane"
"183","age5","cdm_run_v31526151383057","airplane_sketch_age5_cdm_run_v31531944151133.png","airplane"
"184","age5","cdm_run_v31526151383057","airplane_sketch_age5_cdm_run_v31528916699725.png","airplane"
"185","age5","cdm_run_v31526151383057","airplane_sketch_age5_cdm_run_v31531943456950.png","airplane"
"186","age5","cdm_run_v31526151383057","airplane_sketch_age5_cdm_run_v31531774669708.png","airplane"
"187","age5","cdm_run_v31526151383057","airplane_sketch_age5_cdm_run_v31531341840525.png","airplane"
"188","age5","cdm_run_v31526151383057","airplane_sketch_age5_cdm_run_v31531951940895.png","airplane"
"189","age5","cdm_run_v31526151383057","airplane_sketch_age5_cdm_run_v31527982528073.png","airplane"
"190","age5","cdm_run_v31526151383057","airplane_sketch_age5_cdm_run_v31530732171052.png","airplane"
"191","age5","cdm_run_v31526151383057","airplane_sketch_age5_cdm_run_v31527979799077.png","airplane"
"192","age5","cdm_run_v31526151383057","airplane_sketch_age5_cdm_run_v31530647850978.png","airplane"
"193","age5","cdm_run_v31526151383057","airplane_sketch_age5_cdm_run_v31528224184593.png","airplane"
"194","age5","cdm_run_v31526151383057","airplane_sketch_age5_cdm_run_v31532128649317.png","airplane"
"195","age5","cdm_run_v31526151383057","airplane_sketch_age5_cdm_run_v31530719999633.png","airplane"
"196","age5","cdm_run_v31526151383057","airplane_sketch_age5_cdm_run_v31530389142347.png","airplane"
"197","age5","cdm_run_v31526151383057","airplane_sketch_age5_cdm_run_v31531432311575.png","airplane"
"198","age5","cdm_run_v31526151383057","airplane_sketch_age5_cdm_run_v31529011985004.png","airplane"
"199","age5","cdm_run_v31526151383057","airplane_sketch_age5_cdm_run_v31529174036398.png","airplane"
"200","age5","cdm_run_v31526151383057","airplane_sketch_age5_cdm_run_v31531947226771.png","airplane"
"201","age6","cdm_run_v31526151383057","boat_sketch_age6_cdm_run_v31533161769443.png","boat"
"202","age6","cdm_run_v31526151383057","boat_sketch_age6_cdm_run_v31532548328580.png","boat"
"203","age6","cdm_run_v31526151383057","boat_sketch_age6_cdm_run_v31534022233782.png","boat"
"204","age6","cdm_run_v31526151383057","boat_sketch_age6_cdm_run_v31534461222995.png","boat"
"205","age6","cdm_run_v31526151383057","boat_sketch_age6_cdm_run_v31535839162986.png","boat"
"206","age6","cdm_run_v31526151383057","boat_sketch_age6_cdm_run_v31534462278048.png","boat"
"207","age6","cdm_run_v31526151383057","boat_sketch_age6_cdm_run_v31526168752022.png","boat"
"208","age6","cdm_run_v31526151383057","boat_sketch_age6_cdm_run_v31532982235550.png","boat"
"209","age6","cdm_run_v31526151383057","boat_sketch_age6_cdm_run_v31533325141650.png","boat"
"210","age6","cdm_run_v31526151383057","boat_sketch_age6_cdm_run_v31525976032935.png","boat"
"211","age6","cdm_run_v31526151383057","boat_sketch_age6_cdm_run_v31532646358353.png","boat"
"212","age6","cdm_run_v31526151383057","boat_sketch_age6_cdm_run_v31534362900563.png","boat"
"213","age6","cdm_run_v31526151383057","boat_sketch_age6_cdm_run_v31534365370913.png","boat"
"214","age6","cdm_run_v31526151383057","boat_sketch_age6_cdm_run_v31534716539874.png","boat"
"215","age6","cdm_run_v31526151383057","boat_sketch_age6_cdm_run_v31532992438456.png","boat"
"216","age6","cdm_run_v31526151383057","boat_sketch_age6_cdm_run_v31533669370613.png","boat"
"217","age6","cdm_run_v31526151383057","boat_sketch_age6_cdm_run_v31534274873024.png","boat"
"218","age6","cdm_run_v31526151383057","boat_sketch_age6_cdm_run_v31533760726982.png","boat"
"219","age6","cdm_run_v31526151383057","boat_sketch_age6_cdm_run_v31532989462454.png","boat"
"220","age6","cdm_run_v31526151383057","boat_sketch_age6_cdm_run_v31525891444648.png","boat"
"221","age6","cdm_run_v31526151383057","boat_sketch_age6_cdm_run_v31526665223948.png","boat"
"222","age6","cdm_run_v31526151383057","boat_sketch_age6_cdm_run_v31532546378789.png","boat"
"223","age6","cdm_run_v31526151383057","boat_sketch_age6_cdm_run_v31534367635067.png","boat"
"224","age6","cdm_run_v31526151383057","boat_sketch_age6_cdm_run_v31526665751276.png","boat"
"225","age6","cdm_run_v31526151383057","boat_sketch_age6_cdm_run_v31526061437727.png","boat"
"226","age6","cdm_run_v31526151383057","car_sketch_age6_cdm_run_v31533674418156.png","car"
"227","age6","cdm_run_v31526151383057","car_sketch_age6_cdm_run_v31532982235550.png","car"
"228","age6","cdm_run_v31526151383057","car_sketch_age6_cdm_run_v31534544826607.png","car"
"229","age6","cdm_run_v31526151383057","car_sketch_age6_cdm_run_v31533063763887.png","car"
"230","age6","cdm_run_v31526151383057","car_sketch_age6_cdm_run_v31534110873366.png","car"
"231","age6","cdm_run_v31526151383057","car_sketch_age6_cdm_run_v31533657599749.png","car"
"232","age6","cdm_run_v31526151383057","car_sketch_age6_cdm_run_v31534274873024.png","car"
"233","age6","cdm_run_v31526151383057","car_sketch_age6_cdm_run_v31525895728803.png","car"
"234","age6","cdm_run_v31526151383057","car_sketch_age6_cdm_run_v31533425697511.png","car"
"235","age6","cdm_run_v31526151383057","car_sketch_age6_cdm_run_v31534462278048.png","car"
"236","age6","cdm_run_v31526151383057","car_sketch_age6_cdm_run_v31534022233782.png","car"
"237","age6","cdm_run_v31526151383057","car_sketch_age6_cdm_run_v31535225488118.png","car"
"238","age6","cdm_run_v31526151383057","car_sketch_age6_cdm_run_v31532805314914.png","car"
"239","age6","cdm_run_v31526151383057","car_sketch_age6_cdm_run_v31535837101386.png","car"
"240","age6","cdm_run_v31526151383057","car_sketch_age6_cdm_run_v31526665223948.png","car"
"241","age6","cdm_run_v31526151383057","car_sketch_age6_cdm_run_v31526251554792.png","car"
"242","age6","cdm_run_v31526151383057","car_sketch_age6_cdm_run_v31533592571677.png","car"
"243","age6","cdm_run_v31526151383057","car_sketch_age6_cdm_run_v31533065061260.png","car"
"244","age6","cdm_run_v31526151383057","car_sketch_age6_cdm_run_v31534373946851.png","car"
"245","age6","cdm_run_v31526151383057","car_sketch_age6_cdm_run_v31532810871513.png","car"
"246","age6","cdm_run_v31526151383057","car_sketch_age6_cdm_run_v31534365718385.png","car"
"247","age6","cdm_run_v31526151383057","car_sketch_age6_cdm_run_v31532548328580.png","car"
"248","age6","cdm_run_v31526151383057","car_sketch_age6_cdm_run_v31535325173638.png","car"
"249","age6","cdm_run_v31526151383057","car_sketch_age6_cdm_run_v31535318693682.png","car"
"250","age6","cdm_run_v31526151383057","car_sketch_age6_cdm_run_v31534545375072.png","car"
"251","age6","cdm_run_v31526151383057","train_sketch_age6_cdm_run_v41541277360074.png","train"
"252","age6","cdm_run_v31526151383057","train_sketch_age6_cdm_run_v41542048599263.png","train"
"253","age6","cdm_run_v31526151383057","train_sketch_age6_cdm_run_v41541184025760.png","train"
"254","age6","cdm_run_v31526151383057","train_sketch_age6_cdm_run_v41541107676891.png","train"
"255","age6","cdm_run_v31526151383057","train_sketch_age6_cdm_run_v41539555902251.png","train"
"256","age6","cdm_run_v31526151383057","train_sketch_age6_cdm_run_v41539976314348.png","train"
"257","age6","cdm_run_v31526151383057","train_sketch_age6_cdm_run_v41541705669045.png","train"
"258","age6","cdm_run_v31526151383057","train_sketch_age6_cdm_run_v41542059035613.png","train"
"259","age6","cdm_run_v31526151383057","train_sketch_age6_cdm_run_v41542057378964.png","train"
"260","age6","cdm_run_v31526151383057","train_sketch_age6_cdm_run_v41540068803025.png","train"
"261","age6","cdm_run_v31526151383057","train_sketch_age6_cdm_run_v41541363464430.png","train"
"262","age6","cdm_run_v31526151383057","train_sketch_age6_cdm_run_v41539987007263.png","train"
"263","age6","cdm_run_v31526151383057","train_sketch_age6_cdm_run_v41541195738146.png","train"
"264","age6","cdm_run_v31526151383057","train_sketch_age6_cdm_run_v41542049900608.png","train"
"265","age6","cdm_run_v31526151383057","train_sketch_age6_cdm_run_v41541095337087.png","train"
"266","age6","cdm_run_v31526151383057","train_sketch_age6_cdm_run_v41537563131629.png","train"
"267","age6","cdm_run_v31526151383057","train_sketch_age6_cdm_run_v41541967175933.png","train"
"268","age6","cdm_run_v31526151383057","train_sketch_age6_cdm_run_v41541278091520.png","train"
"269","age6","cdm_run_v31526151383057","train_sketch_age6_cdm_run_v41536447093595.png","train"
"270","age6","cdm_run_v31526151383057","train_sketch_age6_cdm_run_v41542053180845.png","train"
"271","age6","cdm_run_v31526151383057","train_sketch_age6_cdm_run_v41540417011142.png","train"
"272","age6","cdm_run_v31526151383057","train_sketch_age6_cdm_run_v41536522290128.png","train"
"273","age6","cdm_run_v31526151383057","train_sketch_age6_cdm_run_v41536449916714.png","train"
"274","age6","cdm_run_v31526151383057","train_sketch_age6_cdm_run_v41541966066093.png","train"
"275","age6","cdm_run_v31526151383057","train_sketch_age6_cdm_run_v41540505096376.png","train"
"276","age6","cdm_run_v31526151383057","airplane_sketch_age6_cdm_run_v31531691181338.png","airplane"
"277","age6","cdm_run_v31526151383057","airplane_sketch_age6_cdm_run_v31529182048446.png","airplane"
"278","age6","cdm_run_v31526151383057","airplane_sketch_age6_cdm_run_v31532197883703.png","airplane"
"279","age6","cdm_run_v31526151383057","airplane_sketch_age6_cdm_run_v31527977844711.png","airplane"
"280","age6","cdm_run_v31526151383057","airplane_sketch_age6_cdm_run_v31530654982647.png","airplane"
"281","age6","cdm_run_v31526151383057","airplane_sketch_age6_cdm_run_v31528487399213.png","airplane"
"282","age6","cdm_run_v31526151383057","airplane_sketch_age6_cdm_run_v31528583252900.png","airplane"
"283","age6","cdm_run_v31526151383057","airplane_sketch_age6_cdm_run_v31532043949200.png","airplane"
"284","age6","cdm_run_v31526151383057","airplane_sketch_age6_cdm_run_v31531417577259.png","airplane"
"285","age6","cdm_run_v31526151383057","airplane_sketch_age6_cdm_run_v31528405799163.png","airplane"
"286","age6","cdm_run_v31526151383057","airplane_sketch_age6_cdm_run_v31528320073908.png","airplane"
"287","age6","cdm_run_v31526151383057","airplane_sketch_age6_cdm_run_v31528229399210.png","airplane"
"288","age6","cdm_run_v31526151383057","airplane_sketch_age6_cdm_run_v31531433304716.png","airplane"
"289","age6","cdm_run_v31526151383057","airplane_sketch_age6_cdm_run_v31528481999222.png","airplane"
"290","age6","cdm_run_v31526151383057","airplane_sketch_age6_cdm_run_v31528062667359.png","airplane"
"291","age6","cdm_run_v31526151383057","airplane_sketch_age6_cdm_run_v31531771739798.png","airplane"
"292","age6","cdm_run_v31526151383057","airplane_sketch_age6_cdm_run_v31531341196691.png","airplane"
"293","age6","cdm_run_v31526151383057","airplane_sketch_age6_cdm_run_v31528399199252.png","airplane"
"294","age6","cdm_run_v31526151383057","airplane_sketch_age6_cdm_run_v31530816296800.png","airplane"
"295","age6","cdm_run_v31526151383057","airplane_sketch_age6_cdm_run_v31528401599159.png","airplane"
"296","age6","cdm_run_v31526151383057","airplane_sketch_age6_cdm_run_v31531853489687.png","airplane"
"297","age6","cdm_run_v31526151383057","airplane_sketch_age6_cdm_run_v31531606164975.png","airplane"
"298","age6","cdm_run_v31526151383057","airplane_sketch_age6_cdm_run_v31528747490464.png","airplane"
"299","age6","cdm_run_v31526151383057","airplane_sketch_age6_cdm_run_v31532113255816.png","airplane"
"300","age6","cdm_run_v31526151383057","airplane_sketch_age6_cdm_run_v31528920077067.png","airplane"
"301","age7","cdm_run_v31526151383057","boat_sketch_age7_cdm_run_v31534113078748.png","boat"
"302","age7","cdm_run_v31526151383057","boat_sketch_age7_cdm_run_v31533409644153.png","boat"
"303","age7","cdm_run_v31526151383057","boat_sketch_age7_cdm_run_v31533426055063.png","boat"
"304","age7","cdm_run_v31526151383057","boat_sketch_age7_cdm_run_v31535144819845.png","boat"
"305","age7","cdm_run_v31526151383057","boat_sketch_age7_cdm_run_v31533766098847.png","boat"
"306","age7","cdm_run_v31526151383057","boat_sketch_age7_cdm_run_v31534362509433.png","boat"
"307","age7","cdm_run_v31526151383057","boat_sketch_age7_cdm_run_v31532469838867.png","boat"
"308","age7","cdm_run_v31526151383057","boat_sketch_age7_cdm_run_v31532457811213.png","boat"
"309","age7","cdm_run_v31526151383057","boat_sketch_age7_cdm_run_v31527789844695.png","boat"
"310","age7","cdm_run_v31526151383057","boat_sketch_age7_cdm_run_v31534884454991.png","boat"
"311","age7","cdm_run_v31526151383057","boat_sketch_age7_cdm_run_v31532816089383.png","boat"
"312","age7","cdm_run_v31526151383057","boat_sketch_age7_cdm_run_v31533678925659.png","boat"
"313","age7","cdm_run_v31526151383057","boat_sketch_age7_cdm_run_v31534024394133.png","boat"
"314","age7","cdm_run_v31526151383057","boat_sketch_age7_cdm_run_v31535919450357.png","boat"
"315","age7","cdm_run_v31526151383057","boat_sketch_age7_cdm_run_v31533937924711.png","boat"
"316","age7","cdm_run_v31526151383057","boat_sketch_age7_cdm_run_v31535920421756.png","boat"
"317","age7","cdm_run_v31526151383057","boat_sketch_age7_cdm_run_v31534627755874.png","boat"
"318","age7","cdm_run_v31526151383057","boat_sketch_age7_cdm_run_v31532978289131.png","boat"
"319","age7","cdm_run_v31526151383057","boat_sketch_age7_cdm_run_v31533765027411.png","boat"
"320","age7","cdm_run_v31526151383057","boat_sketch_age7_cdm_run_v31536076800189.png","boat"
"321","age7","cdm_run_v31526151383057","boat_sketch_age7_cdm_run_v31533762023918.png","boat"
"322","age7","cdm_run_v31526151383057","boat_sketch_age7_cdm_run_v31533414542620.png","boat"
"323","age7","cdm_run_v31526151383057","boat_sketch_age7_cdm_run_v31526598717979.png","boat"
"324","age7","cdm_run_v31526151383057","boat_sketch_age7_cdm_run_v31534196024538.png","boat"
"325","age7","cdm_run_v31526151383057","boat_sketch_age7_cdm_run_v31526768532130.png","boat"
"326","age7","cdm_run_v31526151383057","car_sketch_age7_cdm_run_v31535229309764.png","car"
"327","age7","cdm_run_v31526151383057","car_sketch_age7_cdm_run_v31534362509433.png","car"
"328","age7","cdm_run_v31526151383057","car_sketch_age7_cdm_run_v31535146271976.png","car"
"329","age7","cdm_run_v31526151383057","car_sketch_age7_cdm_run_v31533414542620.png","car"
"330","age7","cdm_run_v31526151383057","car_sketch_age7_cdm_run_v31533409644153.png","car"
"331","age7","cdm_run_v31526151383057","car_sketch_age7_cdm_run_v31527789844695.png","car"
"332","age7","cdm_run_v31526151383057","car_sketch_age7_cdm_run_v31535929178925.png","car"
"333","age7","cdm_run_v31526151383057","car_sketch_age7_cdm_run_v31526768532130.png","car"
"334","age7","cdm_run_v31526151383057","car_sketch_age7_cdm_run_v31532730363351.png","car"
"335","age7","cdm_run_v31526151383057","car_sketch_age7_cdm_run_v31526064586872.png","car"
"336","age7","cdm_run_v31526151383057","car_sketch_age7_cdm_run_v31533426055063.png","car"
"337","age7","cdm_run_v31526151383057","car_sketch_age7_cdm_run_v31532469838867.png","car"
"338","age7","cdm_run_v31526151383057","car_sketch_age7_cdm_run_v31533245866603.png","car"
"339","age7","cdm_run_v31526151383057","car_sketch_age7_cdm_run_v31532726852504.png","car"
"340","age7","cdm_run_v31526151383057","car_sketch_age7_cdm_run_v31534966969603.png","car"
"341","age7","cdm_run_v31526151383057","car_sketch_age7_cdm_run_v31533077875433.png","car"
"342","age7","cdm_run_v31526151383057","car_sketch_age7_cdm_run_v31533762023918.png","car"
"343","age7","cdm_run_v31526151383057","car_sketch_age7_cdm_run_v31532813483298.png","car"
"344","age7","cdm_run_v31526151383057","car_sketch_age7_cdm_run_v31533938702828.png","car"
"345","age7","cdm_run_v31526151383057","car_sketch_age7_cdm_run_v31533165861944.png","car"
"346","age7","cdm_run_v31526151383057","car_sketch_age7_cdm_run_v31526417564997.png","car"
"347","age7","cdm_run_v31526151383057","car_sketch_age7_cdm_run_v31526244386384.png","car"
"348","age7","cdm_run_v31526151383057","car_sketch_age7_cdm_run_v31526061922561.png","car"
"349","age7","cdm_run_v31526151383057","car_sketch_age7_cdm_run_v31533765027411.png","car"
"350","age7","cdm_run_v31526151383057","car_sketch_age7_cdm_run_v31533937924711.png","car"
"351","age7","cdm_run_v31526151383057","train_sketch_age7_cdm_run_v41541971355611.png","train"
"352","age7","cdm_run_v31526151383057","train_sketch_age7_cdm_run_v41541795698223.png","train"
"353","age7","cdm_run_v31526151383057","train_sketch_age7_cdm_run_v41539886426659.png","train"
"354","age7","cdm_run_v31526151383057","train_sketch_age7_cdm_run_v41541272274049.png","train"
"355","age7","cdm_run_v31526151383057","train_sketch_age7_cdm_run_v41537571112129.png","train"
"356","age7","cdm_run_v31526151383057","train_sketch_age7_cdm_run_v41537050795705.png","train"
"357","age7","cdm_run_v31526151383057","train_sketch_age7_cdm_run_v41542052611334.png","train"
"358","age7","cdm_run_v31526151383057","train_sketch_age7_cdm_run_v41542059690515.png","train"
"359","age7","cdm_run_v31526151383057","train_sketch_age7_cdm_run_v41536518758194.png","train"
"360","age7","cdm_run_v31526151383057","train_sketch_age7_cdm_run_v41540152827864.png","train"
"361","age7","cdm_run_v31526151383057","train_sketch_age7_cdm_run_v41538862238756.png","train"
"362","age7","cdm_run_v31526151383057","train_sketch_age7_cdm_run_v41540076121256.png","train"
"363","age7","cdm_run_v31526151383057","train_sketch_age7_cdm_run_v41541367390536.png","train"
"364","age7","cdm_run_v31526151383057","train_sketch_age7_cdm_run_v41540148092648.png","train"
"365","age7","cdm_run_v31526151383057","train_sketch_age7_cdm_run_v41537135964729.png","train"
"366","age7","cdm_run_v31526151383057","train_sketch_age7_cdm_run_v41539546718723.png","train"
"367","age7","cdm_run_v31526151383057","train_sketch_age7_cdm_run_v41541183668493.png","train"
"368","age7","cdm_run_v31526151383057","train_sketch_age7_cdm_run_v41541795950259.png","train"
"369","age7","cdm_run_v31526151383057","train_sketch_age7_cdm_run_v41537140916863.png","train"
"370","age7","cdm_run_v31526151383057","train_sketch_age7_cdm_run_v41537052413404.png","train"
"371","age7","cdm_run_v31526151383057","train_sketch_age7_cdm_run_v41537138613105.png","train"
"372","age7","cdm_run_v31526151383057","train_sketch_age7_cdm_run_v41540163229855.png","train"
"373","age7","cdm_run_v31526151383057","train_sketch_age7_cdm_run_v41541887274625.png","train"
"374","age7","cdm_run_v31526151383057","train_sketch_age7_cdm_run_v41541884805833.png","train"
"375","age7","cdm_run_v31526151383057","train_sketch_age7_cdm_run_v41539885875694.png","train"
"376","age7","cdm_run_v31526151383057","airplane_sketch_age7_cdm_run_v31528064999186.png","airplane"
"377","age7","cdm_run_v31526151383057","airplane_sketch_age7_cdm_run_v31531693076482.png","airplane"
"378","age7","cdm_run_v31526151383057","airplane_sketch_age7_cdm_run_v31530394444658.png","airplane"
"379","age7","cdm_run_v31526151383057","airplane_sketch_age7_cdm_run_v31530486723560.png","airplane"
"380","age7","cdm_run_v31526151383057","airplane_sketch_age7_cdm_run_v31528999012122.png","airplane"
"381","age7","cdm_run_v31526151383057","airplane_sketch_age7_cdm_run_v31530558706822.png","airplane"
"382","age7","cdm_run_v31526151383057","airplane_sketch_age7_cdm_run_v31530644143472.png","airplane"
"383","age7","cdm_run_v31526151383057","airplane_sketch_age7_cdm_run_v31530729544848.png","airplane"
"384","age7","cdm_run_v31526151383057","airplane_sketch_age7_cdm_run_v31531954185970.png","airplane"
"385","age7","cdm_run_v31526151383057","airplane_sketch_age7_cdm_run_v31528057829952.png","airplane"
"386","age7","cdm_run_v31526151383057","airplane_sketch_age7_cdm_run_v31528913633652.png","airplane"
"387","age7","cdm_run_v31526151383057","airplane_sketch_age7_cdm_run_v31528838399095.png","airplane"
"388","age7","cdm_run_v31526151383057","airplane_sketch_age7_cdm_run_v31530743542038.png","airplane"
"389","age7","cdm_run_v31526151383057","airplane_sketch_age7_cdm_run_v31531606463069.png","airplane"
"390","age7","cdm_run_v31526151383057","airplane_sketch_age7_cdm_run_v31528394999246.png","airplane"
"391","age7","cdm_run_v31526151383057","airplane_sketch_age7_cdm_run_v31532115662128.png","airplane"
"392","age7","cdm_run_v31526151383057","airplane_sketch_age7_cdm_run_v31530817208588.png","airplane"
"393","age7","cdm_run_v31526151383057","airplane_sketch_age7_cdm_run_v31531506560996.png","airplane"
"394","age7","cdm_run_v31526151383057","airplane_sketch_age7_cdm_run_v31530737301771.png","airplane"
"395","age7","cdm_run_v31526151383057","airplane_sketch_age7_cdm_run_v31529438726305.png","airplane"
"396","age7","cdm_run_v31526151383057","airplane_sketch_age7_cdm_run_v31529088599359.png","airplane"
"397","age7","cdm_run_v31526151383057","airplane_sketch_age7_cdm_run_v31528919459689.png","airplane"
"398","age7","cdm_run_v31526151383057","airplane_sketch_age7_cdm_run_v31529187059841.png","airplane"
"399","age7","cdm_run_v31526151383057","airplane_sketch_age7_cdm_run_v31532123073667.png","airplane"
"400","age7","cdm_run_v31526151383057","airplane_sketch_age7_cdm_run_v31531338246387.png","airplane"
"401","age8","cdm_run_v31526151383057","boat_sketch_age8_cdm_run_v31532475011111.png","boat"
"402","age8","cdm_run_v31526151383057","boat_sketch_age8_cdm_run_v31534118008687.png","boat"
"403","age8","cdm_run_v31526151383057","boat_sketch_age8_cdm_run_v31533241608392.png","boat"
"404","age8","cdm_run_v31526151383057","boat_sketch_age8_cdm_run_v31535998725313.png","boat"
"405","age8","cdm_run_v31526151383057","boat_sketch_age8_cdm_run_v31533425000562.png","boat"
"406","age8","cdm_run_v31526151383057","boat_sketch_age8_cdm_run_v31534104042262.png","boat"
"407","age8","cdm_run_v31526151383057","boat_sketch_age8_cdm_run_v31535828530949.png","boat"
"408","age8","cdm_run_v31526151383057","boat_sketch_age8_cdm_run_v31533506982918.png","boat"
"409","age8","cdm_run_v31526151383057","boat_sketch_age8_cdm_run_v31534794949914.png","boat"
"410","age8","cdm_run_v31526151383057","boat_sketch_age8_cdm_run_v31532469229565.png","boat"
"411","age8","cdm_run_v31526151383057","boat_sketch_age8_cdm_run_v31532980106776.png","boat"
"412","age8","cdm_run_v31526151383057","boat_sketch_age8_cdm_run_v31532555117955.png","boat"
"413","age8","cdm_run_v31526151383057","boat_sketch_age8_cdm_run_v31535825120823.png","boat"
"414","age8","cdm_run_v31526151383057","boat_sketch_age8_cdm_run_v31534025393566.png","boat"
"415","age8","cdm_run_v31526151383057","boat_sketch_age8_cdm_run_v31533418598751.png","boat"
"416","age8","cdm_run_v31526151383057","boat_sketch_age8_cdm_run_v31534883750225.png","boat"
"417","age8","cdm_run_v31526151383057","boat_sketch_age8_cdm_run_v31534631223561.png","boat"
"418","age8","cdm_run_v31526151383057","boat_sketch_age8_cdm_run_v31533851188116.png","boat"
"419","age8","cdm_run_v31526151383057","boat_sketch_age8_cdm_run_v31534450636247.png","boat"
"420","age8","cdm_run_v31526151383057","boat_sketch_age8_cdm_run_v31535314151786.png","boat"
"421","age8","cdm_run_v31526151383057","boat_sketch_age8_cdm_run_v31535234078296.png","boat"
"422","age8","cdm_run_v31526151383057","boat_sketch_age8_cdm_run_v31534018489312.png","boat"
"423","age8","cdm_run_v31526151383057","boat_sketch_age8_cdm_run_v31534873501166.png","boat"
"424","age8","cdm_run_v31526151383057","boat_sketch_age8_cdm_run_v31532811548992.png","boat"
"425","age8","cdm_run_v31526151383057","boat_sketch_age8_cdm_run_v31533080542007.png","boat"
"426","age8","cdm_run_v31526151383057","car_sketch_age8_cdm_run_v31535827960818.png","car"
"427","age8","cdm_run_v31526151383057","car_sketch_age8_cdm_run_v31533076608623.png","car"
"428","age8","cdm_run_v31526151383057","car_sketch_age8_cdm_run_v31534268250115.png","car"
"429","age8","cdm_run_v31526151383057","car_sketch_age8_cdm_run_v31534450636247.png","car"
"430","age8","cdm_run_v31526151383057","car_sketch_age8_cdm_run_v31533325007534.png","car"
"431","age8","cdm_run_v31526151383057","car_sketch_age8_cdm_run_v31532475011111.png","car"
"432","age8","cdm_run_v31526151383057","car_sketch_age8_cdm_run_v31532980106776.png","car"
"433","age8","cdm_run_v31526151383057","car_sketch_age8_cdm_run_v31526253016255.png","car"
"434","age8","cdm_run_v31526151383057","car_sketch_age8_cdm_run_v31534794677306.png","car"
"435","age8","cdm_run_v31526151383057","car_sketch_age8_cdm_run_v31534018489312.png","car"
"436","age8","cdm_run_v31526151383057","car_sketch_age8_cdm_run_v31534104042262.png","car"
"437","age8","cdm_run_v31526151383057","car_sketch_age8_cdm_run_v31532469229565.png","car"
"438","age8","cdm_run_v31526151383057","car_sketch_age8_cdm_run_v31526074471797.png","car"
"439","age8","cdm_run_v31526151383057","car_sketch_age8_cdm_run_v31532555117955.png","car"
"440","age8","cdm_run_v31526151383057","car_sketch_age8_cdm_run_v31526148748919.png","car"
"441","age8","cdm_run_v31526151383057","car_sketch_age8_cdm_run_v31533150870177.png","car"
"442","age8","cdm_run_v31526151383057","car_sketch_age8_cdm_run_v31533848585176.png","car"
"443","age8","cdm_run_v31526151383057","car_sketch_age8_cdm_run_v31526163910656.png","car"
"444","age8","cdm_run_v31526151383057","car_sketch_age8_cdm_run_v31533590307084.png","car"
"445","age8","cdm_run_v31526151383057","car_sketch_age8_cdm_run_v31534199098795.png","car"
"446","age8","cdm_run_v31526151383057","car_sketch_age8_cdm_run_v31533506982918.png","car"
"447","age8","cdm_run_v31526151383057","car_sketch_age8_cdm_run_v31526152868212.png","car"
"448","age8","cdm_run_v31526151383057","car_sketch_age8_cdm_run_v31532641491167.png","car"
"449","age8","cdm_run_v31526151383057","car_sketch_age8_cdm_run_v31533425000562.png","car"
"450","age8","cdm_run_v31526151383057","car_sketch_age8_cdm_run_v31534883750225.png","car"
"451","age8","cdm_run_v31526151383057","train_sketch_age8_cdm_run_v41541965592644.png","train"
"452","age8","cdm_run_v31526151383057","train_sketch_age8_cdm_run_v41541375421781.png","train"
"453","age8","cdm_run_v31526151383057","train_sketch_age8_cdm_run_v41542061290742.png","train"
"454","age8","cdm_run_v31526151383057","train_sketch_age8_cdm_run_v41537137428018.png","train"
"455","age8","cdm_run_v31526151383057","train_sketch_age8_cdm_run_v41541372903587.png","train"
"456","age8","cdm_run_v31526151383057","train_sketch_age8_cdm_run_v41541886932512.png","train"
"457","age8","cdm_run_v31526151383057","train_sketch_age8_cdm_run_v41540587543956.png","train"
"458","age8","cdm_run_v31526151383057","train_sketch_age8_cdm_run_v41542052947314.png","train"
"459","age8","cdm_run_v31526151383057","train_sketch_age8_cdm_run_v41538867264244.png","train"
"460","age8","cdm_run_v31526151383057","train_sketch_age8_cdm_run_v41541274872129.png","train"
"461","age8","cdm_run_v31526151383057","train_sketch_age8_cdm_run_v41541880421004.png","train"
"462","age8","cdm_run_v31526151383057","train_sketch_age8_cdm_run_v41541970057187.png","train"
"463","age8","cdm_run_v31526151383057","train_sketch_age8_cdm_run_v41541893947190.png","train"
"464","age8","cdm_run_v31526151383057","train_sketch_age8_cdm_run_v41542057738079.png","train"
"465","age8","cdm_run_v31526151383057","train_sketch_age8_cdm_run_v41541189202663.png","train"
"466","age8","cdm_run_v31526151383057","train_sketch_age8_cdm_run_v41541370666218.png","train"
"467","age8","cdm_run_v31526151383057","train_sketch_age8_cdm_run_v41540077082262.png","train"
"468","age8","cdm_run_v31526151383057","train_sketch_age8_cdm_run_v41541887751107.png","train"
"469","age8","cdm_run_v31526151383057","train_sketch_age8_cdm_run_v41537733461054.png","train"
"470","age8","cdm_run_v31526151383057","train_sketch_age8_cdm_run_v41541367019106.png","train"
"471","age8","cdm_run_v31526151383057","train_sketch_age8_cdm_run_v41541880762793.png","train"
"472","age8","cdm_run_v31526151383057","train_sketch_age8_cdm_run_v41541973838793.png","train"
"473","age8","cdm_run_v31526151383057","train_sketch_age8_cdm_run_v41541268057770.png","train"
"474","age8","cdm_run_v31526151383057","train_sketch_age8_cdm_run_v41541792446475.png","train"
"475","age8","cdm_run_v31526151383057","train_sketch_age8_cdm_run_v41541892835344.png","train"
"476","age8","cdm_run_v31526151383057","airplane_sketch_age8_cdm_run_v31528395460868.png","airplane"
"477","age8","cdm_run_v31526151383057","airplane_sketch_age8_cdm_run_v31529176355431.png","airplane"
"478","age8","cdm_run_v31526151383057","airplane_sketch_age8_cdm_run_v31528658399219.png","airplane"
"479","age8","cdm_run_v31526151383057","airplane_sketch_age8_cdm_run_v31531425150399.png","airplane"
"480","age8","cdm_run_v31526151383057","airplane_sketch_age8_cdm_run_v31528744085232.png","airplane"
"481","age8","cdm_run_v31526151383057","airplane_sketch_age8_cdm_run_v31529262599391.png","airplane"
"482","age8","cdm_run_v31526151383057","airplane_sketch_age8_cdm_run_v31531770788487.png","airplane"
"483","age8","cdm_run_v31526151383057","airplane_sketch_age8_cdm_run_v31532037422524.png","airplane"
"484","age8","cdm_run_v31526151383057","airplane_sketch_age8_cdm_run_v31528492338463.png","airplane"
"485","age8","cdm_run_v31526151383057","airplane_sketch_age8_cdm_run_v31528493095544.png","airplane"
"486","age8","cdm_run_v31526151383057","airplane_sketch_age8_cdm_run_v31532111494633.png","airplane"
"487","age8","cdm_run_v31526151383057","airplane_sketch_age8_cdm_run_v31528324269381.png","airplane"
"488","age8","cdm_run_v31526151383057","airplane_sketch_age8_cdm_run_v31529269799195.png","airplane"
"489","age8","cdm_run_v31526151383057","airplane_sketch_age8_cdm_run_v31529426399365.png","airplane"
"490","age8","cdm_run_v31526151383057","airplane_sketch_age8_cdm_run_v31528065690229.png","airplane"
"491","age8","cdm_run_v31526151383057","airplane_sketch_age8_cdm_run_v31528578599110.png","airplane"
"492","age8","cdm_run_v31526151383057","airplane_sketch_age8_cdm_run_v31530650564568.png","airplane"
"493","age8","cdm_run_v31526151383057","airplane_sketch_age8_cdm_run_v31530643882583.png","airplane"
"494","age8","cdm_run_v31526151383057","airplane_sketch_age8_cdm_run_v31528583580541.png","airplane"
"495","age8","cdm_run_v31526151383057","airplane_sketch_age8_cdm_run_v31528406399205.png","airplane"
"496","age8","cdm_run_v31526151383057","airplane_sketch_age8_cdm_run_v31529359799192.png","airplane"
"497","age8","cdm_run_v31526151383057","airplane_sketch_age8_cdm_run_v31532043793468.png","airplane"
"498","age8","cdm_run_v31526151383057","airplane_sketch_age8_cdm_run_v31531686508439.png","airplane"
"499","age8","cdm_run_v31526151383057","airplane_sketch_age8_cdm_run_v31528395207991.png","airplane"
"500","age8","cdm_run_v31526151383057","airplane_sketch_age8_cdm_run_v31529360218856.png","airplane"
